phase,A1_actionId,C_actionId,n_context,A1_spinId,C_spinId,EV,count,train_winrate,usage_rate
front3,0,1,29,1,1,0.605549921883356,1,1.0,0.034482758620689655
front3,0,2,29,1,0,0.0017415005803813055,1,0.0,0.034482758620689655
front3,0,2,29,1,1,0.5908854893774398,11,0.6363636363636364,0.3793103448275862
front3,0,3,29,1,1,0.6466493284244685,1,1.0,0.034482758620689655
front3,0,5,29,1,1,0.5857316368839107,4,0.5,0.13793103448275862
front3,0,6,29,1,1,0.599431047190693,4,1.0,0.13793103448275862
front3,0,6,29,1,3,0.5898686567421985,1,0.0,0.034482758620689655
front3,0,7,29,1,1,0.5493139416807531,1,1.0,0.034482758620689655
front3,0,10,29,1,2,0.4833177610241581,1,0.0,0.034482758620689655
front3,0,11,29,1,2,0.5564109329119455,1,1.0,0.034482758620689655
front3,0,12,29,1,2,0.5701230262120698,1,0.0,0.034482758620689655
front3,0,13,29,1,3,0.38688275329714583,2,1.0,0.06896551724137931
front3,0,1,787,2,0,0.0013400873435437742,4,0.0,0.005082592121982211
front3,0,1,787,2,1,0.5446190504712072,247,0.5222672064777328,0.3138500635324015
front3,0,2,787,2,0,0.0012527870724508459,1,0.0,0.0012706480304955528
front3,0,2,787,2,1,0.5063091247309264,98,0.4897959183673469,0.12452350698856417
front3,0,2,787,2,3,0.39500373713530784,1,1.0,0.0012706480304955528
front3,0,3,787,2,1,0.5810961592961665,5,0.8,0.0063532401524777635
front3,0,3,787,2,3,0.5692663981742702,2,0.0,0.0025412960609911056
front3,0,4,787,2,0,0.0014150232518274632,2,0.0,0.0025412960609911056
front3,0,4,787,2,1,0.5571208452744133,25,0.64,0.03176620076238882
front3,0,5,787,2,0,0.0014656598512834793,1,0.0,0.0012706480304955528
front3,0,5,787,2,1,0.5525043515900874,25,0.68,0.03176620076238882
front3,0,6,787,2,0,0.001454614181678069,1,0.0,0.0012706480304955528
front3,0,6,787,2,1,0.5406873163910794,21,0.6190476190476191,0.026683608640406607
front3,0,6,787,2,3,0.5239439211345948,18,0.3888888888888889,0.022871664548919948
front3,0,7,787,2,0,0.0012803929484396018,5,0.0,0.0063532401524777635
front3,0,7,787,2,1,0.4869743645172529,34,0.5294117647058824,0.043202033036848796
front3,0,7,787,2,3,0.4390223912424699,10,0.1,0.012706480304955527
front3,0,10,787,2,1,0.43778555082356085,1,1.0,0.0012706480304955528
front3,0,10,787,2,2,0.43175832857951923,137,0.45985401459854014,0.17407878017789072
front3,0,10,787,2,3,0.3609633001970931,11,0.5454545454545454,0.01397712833545108
front3,0,10,787,2,5,0.6566243972193168,1,1.0,0.0012706480304955528
front3,0,11,787,2,0,0.001357340177160144,1,0.0,0.0012706480304955528
front3,0,11,787,2,2,0.4743119582764293,56,0.5,0.07115628970775095
front3,0,11,787,2,3,0.39479368445693463,24,0.375,0.030495552731893267
front3,0,12,787,2,2,0.5189190398523487,10,0.6,0.012706480304955527
front3,0,13,787,2,0,0.0013639374937404287,2,0.0,0.0025412960609911056
front3,0,13,787,2,1,0.3984471876625957,17,0.35294117647058826,0.021601016518424398
front3,0,13,787,2,3,0.333342362933134,27,0.25925925925925924,0.03430749682337993
front3,0,1,261,3,0,0.0013717015066998706,2,0.0,0.007662835249042145
front3,0,1,261,3,1,0.5547315994355214,97,0.5670103092783505,0.3716475095785441
front3,0,2,261,3,0,0.0013089222316074113,3,0.0,0.011494252873563218
front3,0,2,261,3,1,0.5187568649257018,24,0.5833333333333334,0.09195402298850575
front3,0,3,261,3,1,0.5859887721002436,2,0.5,0.007662835249042145
front3,0,3,261,3,3,0.5806100667665706,6,0.6666666666666666,0.022988505747126436
front3,0,4,261,3,0,0.0014158846041035877,1,0.0,0.0038314176245210726
front3,0,4,261,3,1,0.5587961749366667,8,0.25,0.03065134099616858
front3,0,5,261,3,0,0.001485989020007363,1,0.0,0.0038314176245210726
front3,0,5,261,3,1,0.5565638469997372,20,0.5,0.07662835249042145
front3,0,5,261,3,3,0.5112600886268268,1,0.0,0.0038314176245210726
front3,0,6,261,3,1,0.5371984231057212,12,0.4166666666666667,0.04597701149425287
front3,0,6,261,3,2,0.5377118910149726,1,1.0,0.0038314176245210726
front3,0,6,261,3,3,0.5253762729315503,3,0.0,0.011494252873563218
front3,0,7,261,3,1,0.47710951340151686,24,0.5416666666666666,0.09195402298850575
front3,0,10,261,3,1,0.4212563992607357,1,0.0,0.0038314176245210726
front3,0,10,261,3,2,0.41384766166431675,13,0.38461538461538464,0.04980842911877394
front3,0,10,261,3,3,0.34362615483255154,4,0.25,0.01532567049808429
front3,0,11,261,3,2,0.4525158305441338,8,0.25,0.03065134099616858
front3,0,11,261,3,3,0.3746174148150483,8,0.5,0.03065134099616858
front3,0,12,261,3,2,0.49076430469761045,3,0.3333333333333333,0.011494252873563218
front3,0,13,261,3,0,0.0012802770513312728,3,0.0,0.011494252873563218
front3,0,13,261,3,1,0.373928309910078,10,0.3,0.038314176245210725
front3,0,13,261,3,3,0.31496767628678335,5,0.4,0.019157088122605363
front3,0,13,261,3,5,0.7437435439275685,1,1.0,0.0038314176245210726
front3,0,1,636,4,0,0.0013752173408369016,2,0.0,0.0031446540880503146
front3,0,1,636,4,1,0.5420583777857041,176,0.5568181818181818,0.27672955974842767
front3,0,2,636,4,0,0.0013313239342583741,3,0.0,0.0047169811320754715
front3,0,2,636,4,1,0.5120811608848873,127,0.44881889763779526,0.19968553459119498
front3,0,3,636,4,1,0.574156711928789,7,0.8571428571428571,0.0110062893081761
front3,0,3,636,4,3,0.5722705455548334,14,0.6428571428571429,0.0220125786163522
front3,0,4,636,4,1,0.5410871510273163,4,0.75,0.006289308176100629
front3,0,5,636,4,0,0.0014373678899254874,1,0.0,0.0015723270440251573
front3,0,5,636,4,1,0.5339010416431749,31,0.6451612903225806,0.04874213836477988
front3,0,5,636,4,3,0.4906302748523372,1,0.0,0.0015723270440251573
front3,0,6,636,4,0,0.001370902622215798,2,0.0,0.0031446540880503146
front3,0,6,636,4,1,0.5133328675472029,76,0.40789473684210525,0.11949685534591195
front3,0,6,636,4,2,0.5199937195747462,1,1.0,0.0015723270440251573
front3,0,6,636,4,3,0.5026978451079426,4,0.0,0.006289308176100629
front3,0,7,636,4,1,0.46733109186039307,13,0.46153846153846156,0.020440251572327043
front3,0,10,636,4,1,0.41726551271242956,2,1.0,0.0031446540880503146
front3,0,10,636,4,2,0.41248636995273275,32,0.46875,0.050314465408805034
front3,0,10,636,4,3,0.33198205008249837,6,0.6666666666666666,0.009433962264150943
front3,0,10,636,4,4,0.4820689052852861,3,0.3333333333333333,0.0047169811320754715
front3,0,10,636,4,5,0.5960887689290003,2,1.0,0.0031446540880503146
front3,0,11,636,4,2,0.4465550696637245,4,0.75,0.006289308176100629
front3,0,11,636,4,3,0.34857433926799086,5,0.2,0.007861635220125786
front3,0,12,636,4,1,0.47131427978023904,1,1.0,0.0015723270440251573
front3,0,12,636,4,2,0.4679345616132763,27,0.37037037037037035,0.04245283018867924
front3,0,12,636,4,4,0.543663309268749,2,0.5,0.0031446540880503146
front3,0,12,636,4,5,0.6516927634088753,1,0.0,0.0015723270440251573
front3,0,13,636,4,0,0.001194765675308083,4,0.0,0.006289308176100629
front3,0,13,636,4,1,0.34567649096538744,32,0.25,0.050314465408805034
front3,0,13,636,4,2,0.3391539798172604,2,0.5,0.0031446540880503146
front3,0,13,636,4,3,0.27990438087957653,46,0.2608695652173913,0.07232704402515723
front3,0,14,636,4,0,0.0008585332809899847,1,0.0,0.0015723270440251573
front3,0,14,636,4,1,0.2541807527926205,2,0.5,0.0031446540880503146
front3,0,14,636,4,3,0.2507593679557616,2,0.5,0.0031446540880503146
front3,0,1,1414,5,0,0.0014049720406585234,3,0.0,0.0021216407355021216
front3,0,1,1414,5,1,0.5578671557964527,362,0.5994475138121547,0.256011315417256
front3,0,1,1414,5,2,0.516789979777146,1,1.0,0.0007072135785007072
front3,0,1,1414,5,3,0.5474681377629114,2,0.5,0.0014144271570014145
front3,0,2,1414,5,0,0.0013627230611973136,1,0.0,0.0007072135785007072
front3,0,2,1414,5,1,0.5321625259216821,243,0.49794238683127573,0.17185289957567185
front3,0,2,1414,5,3,0.5220777599273323,3,0.6666666666666666,0.0021216407355021216
front3,0,3,1414,5,0,0.0016174894749996906,1,0.0,0.0007072135785007072
front3,0,3,1414,5,1,0.597223626108607,4,0.75,0.002828854314002829
front3,0,3,1414,5,3,0.6367793371180935,8,0.75,0.005657708628005658
front3,0,4,1414,5,1,0.5754864770773972,38,0.5789473684210527,0.026874115983026876
front3,0,5,1414,5,0,0.001586122327140669,1,0.0,0.0007072135785007072
front3,0,5,1414,5,1,0.5734742272277477,48,0.6458333333333334,0.033946251768033946
front3,0,5,1414,5,3,0.575954883490023,1,1.0,0.0007072135785007072
front3,0,6,1414,5,0,0.0014753143804759573,1,0.0,0.0007072135785007072
front3,0,6,1414,5,1,0.5477846782373353,82,0.43902439024390244,0.05799151343705799
front3,0,6,1414,5,3,0.5861153972008315,39,0.717948717948718,0.027581329561527583
front3,0,7,1414,5,0,0.0013497152104009304,1,0.0,0.0007072135785007072
front3,0,7,1414,5,1,0.5034606948136933,23,0.4782608695652174,0.016265912305516265
front3,0,7,1414,5,2,0.5102485312488128,2,0.5,0.0014144271570014145
front3,0,7,1414,5,3,0.4936168304957402,6,0.5,0.004243281471004243
front3,0,8,1414,5,1,0.44123085342738555,3,0.6666666666666666,0.0021216407355021216
front3,0,8,1414,5,2,0.4522841625740617,3,0.3333333333333333,0.0021216407355021216
front3,0,8,1414,5,3,0.42962105851975857,1,1.0,0.0007072135785007072
front3,0,9,1414,5,2,0.46322349726068957,1,0.0,0.0007072135785007072
front3,0,10,1414,5,0,0.0012604332215155399,3,0.0,0.0021216407355021216
front3,0,10,1414,5,1,0.44972321242928487,2,0.5,0.0014144271570014145
front3,0,10,1414,5,2,0.45223202872537777,226,0.4690265486725664,0.15983026874115983
front3,0,10,1414,5,3,0.3776762368238163,20,0.35,0.014144271570014143
front3,0,10,1414,5,4,0.5548025680808455,2,0.5,0.0014144271570014145
front3,0,10,1414,5,5,0.678399096787021,9,0.6666666666666666,0.006364922206506365
front3,0,11,1414,5,0,0.0013494765406184064,1,0.0,0.0007072135785007072
front3,0,11,1414,5,1,0.4767154044867202,2,0.0,0.0014144271570014145
front3,0,11,1414,5,2,0.47865334344308863,81,0.48148148148148145,0.057284299858557285
front3,0,11,1414,5,3,0.3871493950131995,18,0.2222222222222222,0.01272984441301273
front3,0,11,1414,5,4,0.5579026549842109,1,0.0,0.0007072135785007072
front3,0,11,1414,5,5,0.6790552679550022,1,1.0,0.0007072135785007072
front3,0,12,1414,5,2,0.5204673451401268,49,0.5714285714285714,0.034653465346534656
front3,0,12,1414,5,3,0.45783090122197284,3,0.6666666666666666,0.0021216407355021216
front3,0,12,1414,5,5,0.730255677690503,5,0.8,0.003536067892503536
front3,0,13,1414,5,0,0.0013441565481479812,1,0.0,0.0007072135785007072
front3,0,13,1414,5,1,0.40874839499418175,47,0.3617021276595745,0.03323903818953324
front3,0,13,1414,5,2,0.40530318027024065,1,0.0,0.0007072135785007072
front3,0,13,1414,5,3,0.3446954059163216,63,0.3333333333333333,0.04455445544554455
front3,0,14,1414,5,1,0.29128438913648874,1,0.0,0.0007072135785007072
front3,15,1,101,1,1,0.5576673795925607,33,0.5454545454545454,0.32673267326732675
front3,15,2,101,1,1,0.5534911466545029,18,0.5555555555555556,0.1782178217821782
front3,15,5,101,1,1,0.5295802304428187,19,0.5789473684210527,0.18811881188118812
front3,15,6,101,1,1,0.5261676244352645,11,0.36363636363636365,0.10891089108910891
front3,15,7,101,1,1,0.46402838078606906,1,1.0,0.009900990099009901
front3,15,10,101,1,2,0.4016557590682389,3,0.3333333333333333,0.0297029702970297
front3,15,11,101,1,2,0.4852609569049962,1,0.0,0.009900990099009901
front3,15,13,101,1,1,0.37982429046355237,7,0.14285714285714285,0.06930693069306931
front3,15,13,101,1,3,0.34479309764015836,8,0.25,0.07920792079207921
front3,15,1,1858,2,0,0.0013504607181867453,4,0.0,0.002152852529601722
front3,15,1,1858,2,1,0.5432880582980948,597,0.5326633165829145,0.32131324004305706
front3,15,1,1858,2,2,0.4490752138005871,1,1.0,0.0005382131324004305
front3,15,1,1858,2,3,0.40171692474358517,1,0.0,0.0005382131324004305
front3,15,2,1858,2,0,0.0012514688501424553,1,0.0,0.0005382131324004305
front3,15,2,1858,2,1,0.5055389904602003,120,0.4666666666666667,0.06458557588805167
front3,15,2,1858,2,3,0.38287438250224737,1,0.0,0.0005382131324004305
front3,15,3,1858,2,2,0.5402738624837349,2,0.5,0.001076426264800861
front3,15,3,1858,2,3,0.5344112223971661,27,0.2962962962962963,0.014531754574811625
front3,15,4,1858,2,1,0.5306822988654901,39,0.6153846153846154,0.02099031216361679
front3,15,4,1858,2,4,0.5767484639058746,15,0.6,0.008073196986006458
front3,15,5,1858,2,1,0.5063698208555625,56,0.32142857142857145,0.030139935414424113
front3,15,5,1858,2,2,0.47784484754209017,4,0.75,0.002152852529601722
front3,15,5,1858,2,3,0.4624343177276765,15,0.4,0.008073196986006458
front3,15,6,1858,2,0,0.0014614729833733536,2,0.0,0.001076426264800861
front3,15,6,1858,2,1,0.544302801550899,54,0.5370370370370371,0.02906350914962325
front3,15,6,1858,2,2,0.5334868828799856,9,0.5555555555555556,0.004843918191603875
front3,15,6,1858,2,3,0.5331696460291786,32,0.5625,0.017222820236813777
front3,15,7,1858,2,1,0.5162555483173232,39,0.6153846153846154,0.02099031216361679
front3,15,7,1858,2,3,0.4888699695781418,10,0.6,0.005382131324004306
front3,15,8,1858,2,1,0.42393357979532376,4,0.5,0.002152852529601722
front3,15,8,1858,2,3,0.40445832517493363,8,0.375,0.004305705059203444
front3,15,8,1858,2,4,0.6132674976607129,2,1.0,0.001076426264800861
front3,15,9,1858,2,2,0.48246080236436834,11,0.36363636363636365,0.005920344456404736
front3,15,9,1858,2,5,0.6337467267942696,1,1.0,0.0005382131324004305
front3,15,10,1858,2,0,0.001130657682835876,1,0.0,0.0005382131324004305
front3,15,10,1858,2,1,0.4272945092025887,8,0.25,0.004305705059203444
front3,15,10,1858,2,2,0.43542462394713977,379,0.43799472295514513,0.20398277717976318
front3,15,10,1858,2,3,0.3631116644586704,19,0.42105263157894735,0.01022604951560818
front3,15,10,1858,2,4,0.5529899398960968,2,0.0,0.001076426264800861
front3,15,10,1858,2,5,0.517079323600077,6,0.3333333333333333,0.0032292787944025836
front3,15,11,1858,2,0,0.0012693703910524954,1,0.0,0.0005382131324004305
front3,15,11,1858,2,2,0.4770492027672355,168,0.5238095238095238,0.09041980624327234
front3,15,11,1858,2,3,0.3962022412939948,19,0.42105263157894735,0.01022604951560818
front3,15,12,1858,2,2,0.49808742877465984,65,0.49230769230769234,0.03498385360602799
front3,15,12,1858,2,3,0.43662978522311213,10,0.4,0.005382131324004306
front3,15,12,1858,2,4,0.6172578128065953,1,1.0,0.0005382131324004305
front3,15,12,1858,2,5,0.577358622597163,5,0.6,0.002691065662002153
front3,15,13,1858,2,0,0.0012542589162623434,1,0.0,0.0005382131324004305
front3,15,13,1858,2,1,0.36892447410200235,18,0.3333333333333333,0.00968783638320775
front3,15,13,1858,2,2,0.3650714528397398,1,0.0,0.0005382131324004305
front3,15,13,1858,2,3,0.316030738181274,97,0.36082474226804123,0.052206673842841764
front3,15,14,1858,2,1,0.24400208727222455,1,1.0,0.0005382131324004305
front3,15,14,1858,2,3,0.23866606559481343,1,0.0,0.0005382131324004305
front3,15,1,826,3,0,0.0014840610277275445,9,0.0,0.010895883777239709
front3,15,1,826,3,1,0.5784420093101725,335,0.5880597014925373,0.40556900726392253
front3,15,1,826,3,3,0.4766737342016603,1,1.0,0.0012106537530266344
front3,15,2,826,3,1,0.5395139351385395,39,0.5384615384615384,0.04721549636803874
front3,15,3,826,3,1,0.5800592717314942,1,0.0,0.0012106537530266344
front3,15,3,826,3,2,0.5711660851965091,4,0.75,0.004842615012106538
front3,15,3,826,3,3,0.5701136451304569,23,0.6086956521739131,0.02784503631961259
front3,15,3,826,3,4,0.774506233483578,1,1.0,0.0012106537530266344
front3,15,3,826,3,5,0.8091734073592465,1,1.0,0.0012106537530266344
front3,15,4,826,3,1,0.5577387316368604,14,0.5,0.01694915254237288
front3,15,4,826,3,4,0.6335706461159141,9,0.6666666666666666,0.010895883777239709
front3,15,5,826,3,0,0.0013962044609256146,1,0.0,0.0012106537530266344
front3,15,5,826,3,1,0.5349444787231938,27,0.6296296296296297,0.03268765133171913
front3,15,5,826,3,3,0.49919749660405527,10,0.4,0.012106537530266344
front3,15,6,826,3,0,0.0015214625065058608,2,0.0,0.002421307506053269
front3,15,6,826,3,1,0.5614048958277146,62,0.5967741935483871,0.07506053268765134
front3,15,6,826,3,2,0.5523795820660728,1,1.0,0.0012106537530266344
front3,15,6,826,3,3,0.5568280969470133,19,0.631578947368421,0.023002421307506054
front3,15,7,826,3,1,0.5076571067326603,46,0.6304347826086957,0.05569007263922518
front3,15,7,826,3,3,0.48799057288984293,2,0.5,0.002421307506053269
front3,15,8,826,3,1,0.4014914463652023,1,0.0,0.0012106537530266344
front3,15,8,826,3,3,0.3887425800406474,1,0.0,0.0012106537530266344
front3,15,9,826,3,1,0.47416109114344435,1,0.0,0.0012106537530266344
front3,15,9,826,3,2,0.47884869577734773,7,0.5714285714285714,0.00847457627118644
front3,15,10,826,3,1,0.41629974704620576,1,0.0,0.0012106537530266344
front3,15,10,826,3,2,0.42431592327401463,66,0.3181818181818182,0.07990314769975787
front3,15,10,826,3,3,0.3515771081620918,19,0.3684210526315789,0.023002421307506054
front3,15,11,826,3,2,0.4676585916202781,20,0.65,0.024213075060532687
front3,15,11,826,3,3,0.387400139445296,12,0.5,0.014527845036319613
front3,15,12,826,3,0,0.0013574036168527805,2,0.0,0.002421307506053269
front3,15,12,826,3,2,0.4898432537262053,7,0.42857142857142855,0.00847457627118644
front3,15,12,826,3,3,0.43150752957163635,4,0.25,0.004842615012106538
front3,15,13,826,3,0,0.0012363660654081331,3,0.0,0.0036319612590799033
front3,15,13,826,3,1,0.3615157275025778,13,0.5384615384615384,0.015738498789346248
front3,15,13,826,3,2,0.359072248512448,1,0.0,0.0012106537530266344
front3,15,13,826,3,3,0.3139770382296185,59,0.3898305084745763,0.07142857142857142
front3,15,14,826,3,3,0.24500795157267521,2,0.0,0.002421307506053269
front3,15,1,1456,4,0,0.0013839126942343622,7,0.0,0.004807692307692308
front3,15,1,1456,4,1,0.5420870777222345,489,0.5787321063394683,0.3358516483516483
front3,15,1,1456,4,2,0.46321822619469716,1,0.0,0.0006868131868131869
front3,15,1,1456,4,4,0.7227530505740802,1,1.0,0.0006868131868131869
front3,15,2,1456,4,1,0.5152493660686737,133,0.5037593984962406,0.09134615384615384
front3,15,3,1456,4,1,0.558154742409387,5,0.6,0.003434065934065934
front3,15,3,1456,4,2,0.554188853754677,9,0.4444444444444444,0.006181318681318681
front3,15,3,1456,4,3,0.5539875083048433,23,0.5652173913043478,0.015796703296703296
front3,15,3,1456,4,5,0.7738460467907173,1,1.0,0.0006868131868131869
front3,15,4,1456,4,1,0.5272269182267617,19,0.631578947368421,0.01304945054945055
front3,15,4,1456,4,4,0.5959750174677794,6,0.3333333333333333,0.004120879120879121
front3,15,5,1456,4,0,0.0013226345393383414,4,0.0,0.0027472527472527475
front3,15,5,1456,4,1,0.5021722857039845,109,0.43119266055045874,0.07486263736263736
front3,15,5,1456,4,2,0.48249110001274714,5,0.4,0.003434065934065934
front3,15,5,1456,4,3,0.47048170047374016,26,0.38461538461538464,0.017857142857142856
front3,15,6,1456,4,0,0.0013553910137719045,1,0.0,0.0006868131868131869
front3,15,6,1456,4,1,0.5124245635142275,221,0.49321266968325794,0.15178571428571427
front3,15,6,1456,4,2,0.5104877360502416,13,0.38461538461538464,0.008928571428571428
front3,15,6,1456,4,3,0.5120359000478701,40,0.425,0.027472527472527472
front3,15,6,1456,4,5,0.579074028522637,3,0.3333333333333333,0.0020604395604395605
front3,15,7,1456,4,1,0.46636059854539497,17,0.4117647058823529,0.011675824175824176
front3,15,7,1456,4,2,0.4706235844774603,1,0.0,0.0006868131868131869
front3,15,7,1456,4,3,0.4498487146547689,3,1.0,0.0020604395604395605
front3,15,8,1456,4,1,0.36417513242033683,7,0.2857142857142857,0.004807692307692308
front3,15,8,1456,4,2,0.3724525146829847,1,1.0,0.0006868131868131869
front3,15,8,1456,4,3,0.35449074832454575,1,0.0,0.0006868131868131869
front3,15,8,1456,4,4,0.5368779218103922,1,0.0,0.0006868131868131869
front3,15,9,1456,4,2,0.45691006159822994,13,0.5384615384615384,0.008928571428571428
front3,15,9,1456,4,3,0.40656312049592913,4,0.75,0.0027472527472527475
front3,15,9,1456,4,5,0.5785439422593546,1,1.0,0.0006868131868131869
front3,15,10,1456,4,0,0.001050726119530184,1,0.0,0.0006868131868131869
front3,15,10,1456,4,1,0.39607954768040793,1,0.0,0.0006868131868131869
front3,15,10,1456,4,2,0.4045701333464049,60,0.31666666666666665,0.04120879120879121
front3,15,10,1456,4,3,0.32546923920360066,10,0.1,0.006868131868131868
front3,15,10,1456,4,4,0.5069284224954315,3,0.6666666666666666,0.0020604395604395605
front3,15,10,1456,4,5,0.459251385666288,1,1.0,0.0006868131868131869
front3,15,11,1456,4,2,0.44823687499785086,13,0.46153846153846156,0.008928571428571428
front3,15,11,1456,4,3,0.3528830248705747,8,0.125,0.005494505494505495
front3,15,11,1456,4,5,0.4848757683133685,1,0.0,0.0006868131868131869
front3,15,12,1456,4,0,0.0012842966925899774,1,0.0,0.0006868131868131869
front3,15,12,1456,4,2,0.46342617111372714,40,0.35,0.027472527472527472
front3,15,12,1456,4,3,0.4018063244801535,2,0.0,0.0013736263736263737
front3,15,12,1456,4,5,0.5242886946375405,1,0.0,0.0006868131868131869
front3,15,13,1456,4,0,0.0011728051642989092,4,0.0,0.0027472527472527475
front3,15,13,1456,4,1,0.34494343122742704,46,0.43478260869565216,0.03159340659340659
front3,15,13,1456,4,2,0.33958830363134146,1,0.0,0.0006868131868131869
front3,15,13,1456,4,3,0.2890566892041339,93,0.25806451612903225,0.06387362637362637
front3,15,13,1456,4,4,0.6056753130438381,3,0.3333333333333333,0.0020604395604395605
front3,15,14,1456,4,3,0.24119793503984618,2,0.5,0.0013736263736263737
front3,15,1,3103,5,0,0.001222157352595803,11,0.0,0.003544956493715759
front3,15,1,3103,5,1,0.5047012826757685,1084,0.5295202952029521,0.34933934901708025
front3,15,1,3103,5,2,0.4441006975919792,3,0.3333333333333333,0.0009668063164679343
front3,15,1,3103,5,3,0.4829670072718505,2,1.0,0.0006445375443119562
front3,15,1,3103,5,5,0.7857038712143852,1,1.0,0.0003222687721559781
front3,15,2,3103,5,0,0.0012101436168019284,3,0.0,0.0009668063164679343
front3,15,2,3103,5,1,0.48743418852973425,217,0.4423963133640553,0.06993232355784725
front3,15,2,3103,5,3,0.465391401101607,1,0.0,0.0003222687721559781
front3,15,3,3103,5,1,0.5316637867684006,1,1.0,0.0003222687721559781
front3,15,3,3103,5,2,0.5369926663278143,11,0.2727272727272727,0.003544956493715759
front3,15,3,3103,5,3,0.5665367229806985,17,0.6470588235294118,0.0054785691266516275
front3,15,3,3103,5,5,0.795840883921266,1,1.0,0.0003222687721559781
front3,15,4,3103,5,1,0.5063581375901359,50,0.54,0.016113438607798906
front3,15,4,3103,5,3,0.5254414699795181,1,1.0,0.0003222687721559781
front3,15,4,3103,5,4,0.6294823909461689,18,0.6111111111111112,0.005800837898807605
front3,15,5,3103,5,0,0.0012372143595372025,1,0.0,0.0003222687721559781
front3,15,5,3103,5,1,0.4860282034167581,139,0.4028776978417266,0.044795359329680956
front3,15,5,3103,5,3,0.49482725447519427,16,0.3125,0.00515630035449565
front3,15,6,3103,5,0,0.001263047912377762,2,0.0,0.0006445375443119562
front3,15,6,3103,5,1,0.49411585575504263,247,0.38461538461538464,0.07960038672252659
front3,15,6,3103,5,2,0.5006541889995831,7,0.42857142857142855,0.0022558814050918467
front3,15,6,3103,5,3,0.5376309945455285,62,0.6774193548387096,0.019980663873670642
front3,15,6,3103,5,5,0.622072574930583,2,0.0,0.0006445375443119562
front3,15,7,3103,5,1,0.45560005035529266,46,0.4782608695652174,0.014824363519174991
front3,15,7,3103,5,3,0.4727224564933924,5,0.4,0.0016113438607798904
front3,15,7,3103,5,5,0.620241694199227,1,1.0,0.0003222687721559781
front3,15,8,3103,5,1,0.37874128339882734,10,0.3,0.003222687721559781
front3,15,8,3103,5,2,0.39344238607510945,1,0.0,0.0003222687721559781
front3,15,8,3103,5,3,0.39162394399590994,9,0.4444444444444444,0.0029004189494038026
front3,15,8,3103,5,4,0.6009002079069687,10,0.6,0.003222687721559781
front3,15,9,3103,5,2,0.4508021025087383,9,0.4444444444444444,0.0029004189494038026
front3,15,9,3103,5,3,0.41319807409522136,4,0.25,0.0012890750886239124
front3,15,9,3103,5,5,0.6096355329959596,4,0.75,0.0012890750886239124
front3,15,10,3103,5,0,0.001059901476127562,3,0.0,0.0009668063164679343
front3,15,10,3103,5,1,0.399719911708836,2,0.0,0.0006445375443119562
front3,15,10,3103,5,2,0.41843136788772756,486,0.46502057613168724,0.15662262326780535
front3,15,10,3103,5,3,0.3456125883739565,23,0.21739130434782608,0.007412181759587496
front3,15,10,3103,5,4,0.5550645872521222,2,0.5,0.0006445375443119562
front3,15,10,3103,5,5,0.5105955663332952,10,0.4,0.003222687721559781
front3,15,11,3103,5,0,0.0011628498973163279,2,0.0,0.0006445375443119562
front3,15,11,3103,5,2,0.4521866171822566,198,0.4797979797979798,0.06380921688688367
front3,15,11,3103,5,3,0.36400277655295027,16,0.1875,0.00515630035449565
front3,15,11,3103,5,4,0.5695580981338245,2,0.5,0.0006445375443119562
front3,15,11,3103,5,5,0.5222278461612208,3,0.3333333333333333,0.0009668063164679343
front3,15,12,3103,5,0,0.0013400148300658017,1,0.0,0.0003222687721559781
front3,15,12,3103,5,2,0.4892557215608244,116,0.47413793103448276,0.037383177570093455
front3,15,12,3103,5,3,0.43064329508203125,11,0.6363636363636364,0.003544956493715759
front3,15,12,3103,5,4,0.623788171971594,1,0.0,0.0003222687721559781
front3,15,12,3103,5,5,0.5781320680772439,9,0.6666666666666666,0.0029004189494038026
front3,15,13,3103,5,0,0.0012235454835335157,4,0.0,0.0012890750886239124
front3,15,13,3103,5,1,0.3579350274062968,67,0.34328358208955223,0.02159200773445053
front3,15,13,3103,5,2,0.36343691161709973,6,0.5,0.0019336126329358686
front3,15,13,3103,5,3,0.3176793022345442,140,0.32857142857142857,0.045117628101836935
front3,15,13,3103,5,4,0.6836528168433947,2,1.0,0.0006445375443119562
front3,15,13,3103,5,5,0.6865417571333206,1,1.0,0.0003222687721559781
front3,15,14,3103,5,1,0.26102052153440797,2,0.0,0.0006445375443119562
front3,16,1,57,1,1,0.5363925804088112,8,0.625,0.14035087719298245
front3,16,2,57,1,1,0.5329587316956581,5,0.6,0.08771929824561403
front3,16,3,57,1,1,0.575293017725068,1,0.0,0.017543859649122806
front3,16,5,57,1,1,0.5147053442193354,12,0.6666666666666666,0.21052631578947367
front3,16,6,57,1,1,0.5132174233165382,18,0.3888888888888889,0.3157894736842105
front3,16,6,57,1,3,0.5442440480869611,1,1.0,0.017543859649122806
front3,16,8,57,1,1,0.34922939920588436,1,0.0,0.017543859649122806
front3,16,10,57,1,2,0.4052796118011105,1,0.0,0.017543859649122806
front3,16,13,57,1,0,0.0015854348971072938,1,0.0,0.017543859649122806
front3,16,13,57,1,1,0.3981486153187444,7,0.5714285714285714,0.12280701754385964
front3,16,13,57,1,3,0.37785142759405266,2,0.5,0.03508771929824561
front3,16,1,246,2,0,0.001336490460643254,1,0.0,0.0040650406504065045
front3,16,1,246,2,1,0.5097134197018116,100,0.5,0.4065040650406504
front3,16,1,246,2,2,0.42431762367461134,1,0.0,0.0040650406504065045
front3,16,2,246,2,1,0.48335692041199985,26,0.5,0.10569105691056911
front3,16,2,246,2,3,0.37312369465836565,1,1.0,0.0040650406504065045
front3,16,3,246,2,1,0.537126763079603,2,0.5,0.008130081300813009
front3,16,4,246,2,1,0.5140602773671559,2,0.5,0.008130081300813009
front3,16,4,246,2,2,0.5052506830218376,1,0.0,0.0040650406504065045
front3,16,4,246,2,4,0.5820590271809695,1,0.0,0.0040650406504065045
front3,16,5,246,2,1,0.49578622967407404,5,0.2,0.02032520325203252
front3,16,5,246,2,3,0.46896319029187655,1,1.0,0.0040650406504065045
front3,16,6,246,2,1,0.5318963522034527,4,0.75,0.016260162601626018
front3,16,6,246,2,3,0.5345108416510066,5,0.4,0.02032520325203252
front3,16,7,246,2,1,0.5128117571556426,8,0.875,0.032520325203252036
front3,16,7,246,2,3,0.5042528622162481,4,0.75,0.016260162601626018
front3,16,8,246,2,1,0.41725956722945784,2,0.0,0.008130081300813009
front3,16,9,246,2,2,0.4858181604771725,1,0.0,0.0040650406504065045
front3,16,10,246,2,0,0.0011730575520691535,1,0.0,0.0040650406504065045
front3,16,10,246,2,2,0.43512600609655544,41,0.4634146341463415,0.16666666666666666
front3,16,11,246,2,2,0.4746244414873007,21,0.42857142857142855,0.08536585365853659
front3,16,11,246,2,3,0.4215745513226889,2,0.0,0.008130081300813009
front3,16,12,246,2,0,0.001492109608124746,1,0.0,0.0040650406504065045
front3,16,13,246,2,1,0.3807026753239427,3,0.0,0.012195121951219513
front3,16,13,246,2,3,0.35427061145041355,10,0.4,0.04065040650406504
front3,16,13,246,2,4,0.7227759005489021,1,1.0,0.0040650406504065045
front3,16,14,246,2,2,0.2542160787992695,1,0.0,0.0040650406504065045
front3,16,1,171,3,1,0.5364616892835165,69,0.5072463768115942,0.40350877192982454
front3,16,2,171,3,1,0.5102343974905865,6,0.3333333333333333,0.03508771929824561
front3,16,3,171,3,1,0.5576344978759904,1,0.0,0.005847953216374269
front3,16,3,171,3,3,0.562362837770401,7,0.2857142857142857,0.04093567251461988
front3,16,4,171,3,1,0.538845935968552,1,1.0,0.005847953216374269
front3,16,5,171,3,0,0.001462520929252004,1,0.0,0.005847953216374269
front3,16,5,171,3,1,0.5230794096878478,15,0.4,0.08771929824561403
front3,16,5,171,3,3,0.502743301353967,3,0.3333333333333333,0.017543859649122806
front3,16,6,171,3,1,0.5569715204829905,17,0.5294117647058824,0.09941520467836257
front3,16,6,171,3,2,0.5607148837770275,2,1.0,0.011695906432748537
front3,16,6,171,3,3,0.5641461242422193,4,0.75,0.023391812865497075
front3,16,6,171,3,4,0.6784589686120139,1,1.0,0.005847953216374269
front3,16,7,171,3,1,0.5195176802364289,6,0.5,0.03508771929824561
front3,16,7,171,3,3,0.5144048858900585,1,1.0,0.005847953216374269
front3,16,8,171,3,4,0.6141015346792302,1,0.0,0.005847953216374269
front3,16,9,171,3,2,0.5007739044201004,2,1.0,0.011695906432748537
front3,16,10,171,3,2,0.44480521594379674,11,0.5454545454545454,0.06432748538011696
front3,16,10,171,3,3,0.392194512454561,3,0.0,0.017543859649122806
front3,16,10,171,3,4,0.6049710308009849,1,1.0,0.005847953216374269
front3,16,11,171,3,1,0.46058957395812083,1,0.0,0.005847953216374269
front3,16,11,171,3,2,0.48314736420663784,2,0.0,0.011695906432748537
front3,16,11,171,3,3,0.42446121098888145,1,1.0,0.005847953216374269
front3,16,12,171,3,2,0.515209956748789,1,0.0,0.005847953216374269
front3,16,12,171,3,5,0.6216355232330625,1,1.0,0.005847953216374269
front3,16,13,171,3,0,0.001417701436501335,1,0.0,0.005847953216374269
front3,16,13,171,3,1,0.3774571405167987,3,0.6666666666666666,0.017543859649122806
front3,16,13,171,3,3,0.35341529211514927,9,0.4444444444444444,0.05263157894736842
front3,16,1,388,4,1,0.5170927853768116,101,0.5643564356435643,0.2603092783505155
front3,16,1,388,4,2,0.44736763646895444,1,0.0,0.002577319587628866
front3,16,2,388,4,1,0.507660925403772,36,0.4722222222222222,0.09278350515463918
front3,16,3,388,4,1,0.5547006534121088,24,0.7083333333333334,0.061855670103092786
front3,16,3,388,4,2,0.5604895954522008,3,1.0,0.007731958762886598
front3,16,3,388,4,3,0.5559560368559509,9,0.6666666666666666,0.023195876288659795
front3,16,4,388,4,1,0.5227117934285623,2,0.5,0.005154639175257732
front3,16,4,388,4,4,0.5946235473326725,1,1.0,0.002577319587628866
front3,16,5,388,4,1,0.4986897303040223,32,0.46875,0.08247422680412371
front3,16,5,388,4,3,0.4734200300859761,8,0.5,0.020618556701030927
front3,16,6,388,4,1,0.5073447419545202,75,0.37333333333333335,0.19329896907216496
front3,16,6,388,4,2,0.5109059336192362,2,0.5,0.005154639175257732
front3,16,6,388,4,3,0.5087588665046044,16,0.375,0.041237113402061855
front3,16,7,388,4,1,0.4659301034770416,3,1.0,0.007731958762886598
front3,16,7,388,4,2,0.47459100457837217,1,1.0,0.002577319587628866
front3,16,8,388,4,3,0.36328161036626183,2,0.5,0.005154639175257732
front3,16,9,388,4,2,0.46533764362143964,1,1.0,0.002577319587628866
front3,16,10,388,4,2,0.40952796206482356,19,0.47368421052631576,0.04896907216494845
front3,16,10,388,4,3,0.35237484617142406,2,0.5,0.005154639175257732
front3,16,11,388,4,2,0.4505991854855531,7,0.7142857142857143,0.01804123711340206
front3,16,11,388,4,3,0.37847968889947986,1,0.0,0.002577319587628866
front3,16,12,388,4,2,0.4791146195181911,1,0.0,0.002577319587628866
front3,16,13,388,4,0,0.0013165206931421032,1,0.0,0.002577319587628866
front3,16,13,388,4,1,0.3583916540041195,24,0.2916666666666667,0.061855670103092786
front3,16,13,388,4,3,0.31835303053127617,16,0.3125,0.041237113402061855
front3,16,1,641,5,0,0.0012415055749149724,5,0.0,0.0078003120124804995
front3,16,1,641,5,1,0.47395839830515424,262,0.4732824427480916,0.40873634945397813
front3,16,1,641,5,3,0.4678879811537139,1,1.0,0.0015600624024961
front3,16,2,641,5,0,0.0012361614214458781,2,0.0,0.0031201248049922
front3,16,2,641,5,1,0.4659992017139832,36,0.4444444444444444,0.056162246489859596
front3,16,3,641,5,1,0.5138495943573719,2,0.5,0.0031201248049922
front3,16,3,641,5,2,0.5301865576246905,3,0.3333333333333333,0.0046801872074883
front3,16,3,641,5,3,0.5652566479929529,3,0.6666666666666666,0.0046801872074883
front3,16,4,641,5,1,0.4888129629935273,6,0.5,0.0093603744149766
front3,16,4,641,5,4,0.6302986207898549,2,0.5,0.0031201248049922
front3,16,5,641,5,0,0.0012929832746216524,1,0.0,0.0015600624024961
front3,16,5,641,5,1,0.47282752796606936,34,0.38235294117647056,0.0530421216848674
front3,16,5,641,5,2,0.47166119894718467,2,0.5,0.0031201248049922
front3,16,5,641,5,3,0.4988757029015931,2,0.5,0.0031201248049922
front3,16,6,641,5,1,0.4790171456324952,33,0.48484848484848486,0.0514820592823713
front3,16,6,641,5,2,0.4928441066446809,2,1.0,0.0031201248049922
front3,16,6,641,5,3,0.5355113327493762,21,0.42857142857142855,0.0327613104524181
front3,16,7,641,5,1,0.4445308957222355,30,0.4,0.046801872074883
front3,16,7,641,5,2,0.46275230431774067,1,0.0,0.0015600624024961
front3,16,7,641,5,3,0.4756688431016288,13,0.6153846153846154,0.0202808112324493
front3,16,8,641,5,1,0.3690005155973202,1,0.0,0.0015600624024961
front3,16,8,641,5,3,0.393952017846887,1,0.0,0.0015600624024961
front3,16,8,641,5,4,0.6103511371470223,1,1.0,0.0015600624024961
front3,16,9,641,5,1,0.4225660246028098,2,0.5,0.0031201248049922
front3,16,9,641,5,2,0.4447865357237356,1,1.0,0.0015600624024961
front3,16,9,641,5,4,0.6308581072514405,1,1.0,0.0015600624024961
front3,16,9,641,5,5,0.5948444327133643,3,0.3333333333333333,0.0046801872074883
front3,16,10,641,5,0,0.0010840728568643075,1,0.0,0.0015600624024961
front3,16,10,641,5,2,0.4111089196796694,74,0.47297297297297297,0.11544461778471139
front3,16,10,641,5,3,0.3633915006205654,5,0.6,0.0078003120124804995
front3,16,10,641,5,4,0.5884410059422364,2,1.0,0.0031201248049922
front3,16,10,641,5,5,0.5413377756654173,1,1.0,0.0015600624024961
front3,16,11,641,5,2,0.44399373647202506,26,0.4230769230769231,0.0405616224648986
front3,16,11,641,5,3,0.38183794087830114,3,0.6666666666666666,0.0046801872074883
front3,16,12,641,5,2,0.49541739711083926,5,0.4,0.0078003120124804995
front3,16,13,641,5,0,0.001372069952849443,1,0.0,0.0015600624024961
front3,16,13,641,5,1,0.36693043822682164,26,0.3076923076923077,0.0405616224648986
front3,16,13,641,5,3,0.3505859560580855,25,0.28,0.0390015600624025
front3,16,14,641,5,1,0.26636038208381513,1,0.0,0.0015600624024961
front3,17,2,6,1,1,0.5774553709656198,1,0.0,0.16666666666666666
front3,17,3,6,1,3,0.6701268931323536,1,1.0,0.16666666666666666
front3,17,10,6,1,2,0.45843495228803727,1,0.0,0.16666666666666666
front3,17,13,6,1,1,0.4370911823474298,2,0.0,0.3333333333333333
front3,17,13,6,1,3,0.42545594317545343,1,1.0,0.16666666666666666
front3,17,1,54,2,1,0.5951114895179017,22,0.6818181818181818,0.4074074074074074
front3,17,1,54,2,4,0.6701094813759041,2,0.5,0.037037037037037035
front3,17,2,54,2,1,0.5625799781212928,1,1.0,0.018518518518518517
front3,17,3,54,2,1,0.5839448432832776,1,0.0,0.018518518518518517
front3,17,3,54,2,3,0.617921939364774,1,1.0,0.018518518518518517
front3,17,4,54,2,1,0.5938663700650816,2,1.0,0.037037037037037035
front3,17,5,54,2,1,0.5884613594535983,5,0.6,0.09259259259259259
front3,17,5,54,2,3,0.570744526552012,1,1.0,0.018518518518518517
front3,17,7,54,2,1,0.600566411055199,3,1.0,0.05555555555555555
front3,17,8,54,2,3,0.4795873704408543,1,0.0,0.018518518518518517
front3,17,10,54,2,2,0.527896127042125,11,0.45454545454545453,0.2037037037037037
front3,17,10,54,2,5,0.5580739703615133,2,0.5,0.037037037037037035
front3,17,11,54,2,2,0.5567273237718225,1,0.0,0.018518518518518517
front3,17,13,54,2,1,0.42573971790721465,1,0.0,0.018518518518518517
front3,17,1,28,3,1,0.6084227184020429,15,0.6,0.5357142857142857
front3,17,3,28,3,3,0.6478662441390314,1,0.0,0.03571428571428571
front3,17,5,28,3,1,0.6000469898872796,3,0.3333333333333333,0.10714285714285714
front3,17,5,28,3,3,0.5946958135155106,1,1.0,0.03571428571428571
front3,17,6,28,3,3,0.6356690228067448,3,0.6666666666666666,0.10714285714285714
front3,17,8,28,3,1,0.48616906792672554,1,1.0,0.03571428571428571
front3,17,10,28,3,2,0.5257611696226542,2,1.0,0.07142857142857142
front3,17,11,28,3,3,0.5105659444975477,1,1.0,0.03571428571428571
front3,17,12,28,3,2,0.5990242520825001,1,1.0,0.03571428571428571
front3,17,1,131,4,1,0.5350735333361172,55,0.5454545454545454,0.4198473282442748
front3,17,1,131,4,3,0.46212976387463967,1,0.0,0.007633587786259542
front3,17,2,131,4,1,0.5223785650952695,8,0.75,0.061068702290076333
front3,17,3,131,4,1,0.5350433853695543,2,0.0,0.015267175572519083
front3,17,3,131,4,3,0.5769118997203382,4,0.5,0.030534351145038167
front3,17,5,131,4,1,0.5274767460906902,12,0.4166666666666667,0.0916030534351145
front3,17,5,131,4,3,0.5209804044172439,1,1.0,0.007633587786259542
front3,17,6,131,4,1,0.5401422713360672,18,0.6666666666666666,0.13740458015267176
front3,17,6,131,4,2,0.5563503225384242,5,0.8,0.03816793893129771
front3,17,6,131,4,3,0.5408015096953421,8,0.375,0.061068702290076333
front3,17,7,131,4,1,0.500939756680098,1,1.0,0.007633587786259542
front3,17,10,131,4,2,0.4433475712702932,4,0.75,0.030534351145038167
front3,17,11,131,4,2,0.4795871840803411,2,0.5,0.015267175572519083
front3,17,11,131,4,3,0.41039380805865294,1,1.0,0.007633587786259542
front3,17,13,131,4,1,0.36528047269976766,5,0.2,0.03816793893129771
front3,17,13,131,4,3,0.3356333566996399,4,0.0,0.030534351145038167
front3,17,1,264,5,1,0.4753020691841237,123,0.4959349593495935,0.4659090909090909
front3,17,1,264,5,2,0.43437771148168336,1,1.0,0.003787878787878788
front3,17,2,264,5,1,0.4646254104147489,10,0.4,0.03787878787878788
front3,17,3,264,5,1,0.4773539736225957,2,0.0,0.007575757575757576
front3,17,3,264,5,3,0.5618853739398622,6,0.8333333333333334,0.022727272727272728
front3,17,4,264,5,1,0.4811159471543985,3,0.3333333333333333,0.011363636363636364
front3,17,4,264,5,4,0.6350515721999797,1,1.0,0.003787878787878788
front3,17,5,264,5,1,0.4820392972871635,8,0.375,0.030303030303030304
front3,17,5,264,5,2,0.49836246170546344,1,0.0,0.003787878787878788
front3,17,5,264,5,3,0.5191363558557728,1,0.0,0.003787878787878788
front3,17,6,264,5,1,0.4913816070106927,15,0.3333333333333333,0.056818181818181816
front3,17,6,264,5,2,0.5183269373591783,3,0.3333333333333333,0.011363636363636364
front3,17,6,264,5,3,0.5394579767898336,7,0.42857142857142855,0.026515151515151516
front3,17,7,264,5,3,0.48070977564088674,1,1.0,0.003787878787878788
front3,17,8,264,5,1,0.37739473058106454,1,1.0,0.003787878787878788
front3,17,8,264,5,3,0.3944859636275576,1,0.0,0.003787878787878788
front3,17,9,264,5,2,0.4481310446731953,2,0.0,0.007575757575757576
front3,17,10,264,5,1,0.3878898223253115,1,1.0,0.003787878787878788
front3,17,10,264,5,2,0.4192961198738117,38,0.3684210526315789,0.14393939393939395
front3,17,10,264,5,5,0.5126959759252688,3,0.3333333333333333,0.011363636363636364
front3,17,11,264,5,2,0.45728427363401036,16,0.5625,0.06060606060606061
front3,17,11,264,5,3,0.39841442676407407,1,0.0,0.003787878787878788
front3,17,12,264,5,2,0.5101630407362882,2,0.0,0.007575757575757576
front3,17,13,264,5,0,0.001644001482495824,1,0.0,0.003787878787878788
front3,17,13,264,5,1,0.3940571950899274,8,0.375,0.030303030303030304
front3,17,13,264,5,2,0.4329284185310502,1,1.0,0.003787878787878788
front3,17,13,264,5,3,0.40540984518674944,6,0.6666666666666666,0.022727272727272728
front3,17,14,264,5,3,0.3347656006641954,1,1.0,0.003787878787878788
front3,18,13,1,1,1,0.2873583839837237,1,0.0,1.0
front3,18,1,15,2,1,0.5669959794341892,6,0.5,0.4
front3,18,3,15,2,2,0.6282402694325832,1,1.0,0.06666666666666667
front3,18,8,15,2,3,0.4871523396068957,1,0.0,0.06666666666666667
front3,18,9,15,2,2,0.6257734387824413,1,1.0,0.06666666666666667
front3,18,10,15,2,1,0.5791182584900102,1,1.0,0.06666666666666667
front3,18,10,15,2,2,0.596648172811461,2,0.5,0.13333333333333333
front3,18,10,15,2,3,0.49505870416953984,1,0.0,0.06666666666666667
front3,18,12,15,2,2,0.6239231375157187,2,1.0,0.13333333333333333
front3,18,1,2,3,1,0.5945140819814345,1,1.0,0.5
front3,18,10,2,3,2,0.5978819854174033,1,1.0,0.5
front3,18,1,49,4,1,0.48053029615648574,10,0.5,0.20408163265306123
front3,18,2,49,4,1,0.49900559809308837,2,0.0,0.04081632653061224
front3,18,3,49,4,2,0.5576068886954247,3,0.3333333333333333,0.061224489795918366
front3,18,3,49,4,3,0.5627152291649545,1,1.0,0.02040816326530612
front3,18,5,49,4,1,0.5110470714268376,1,1.0,0.02040816326530612
front3,18,5,49,4,2,0.5043202476693253,1,1.0,0.02040816326530612
front3,18,5,49,4,3,0.487661529289389,4,0.5,0.08163265306122448
front3,18,6,49,4,1,0.5112595530826929,6,0.5,0.12244897959183673
front3,18,6,49,4,2,0.5203617851161148,3,0.3333333333333333,0.061224489795918366
front3,18,6,49,4,3,0.48513924164515937,2,0.5,0.04081632653061224
front3,18,6,49,4,5,0.46581195276699455,1,0.0,0.02040816326530612
front3,18,8,49,4,3,0.3598824660765579,1,0.0,0.02040816326530612
front3,18,9,49,4,2,0.5089134569309307,3,1.0,0.061224489795918366
front3,18,9,49,4,5,0.4981912027049406,2,0.0,0.04081632653061224
front3,18,10,49,4,2,0.46832025750107764,6,0.5,0.12244897959183673
front3,18,13,49,4,1,0.35498675028261056,1,0.0,0.02040816326530612
front3,18,13,49,4,3,0.28130731559807765,2,0.0,0.04081632653061224
front3,18,1,152,5,0,0.0011749639877987916,1,0.0,0.006578947368421052
front3,18,1,152,5,1,0.4293484725916237,45,0.35555555555555557,0.29605263157894735
front3,18,2,152,5,0,0.0013867087586047133,1,0.0,0.006578947368421052
front3,18,2,152,5,1,0.46156700631066505,11,0.5454545454545454,0.07236842105263158
front3,18,3,152,5,1,0.5162708076878265,2,0.5,0.013157894736842105
front3,18,3,152,5,2,0.5431192815555421,4,0.5,0.02631578947368421
front3,18,3,152,5,3,0.577175765892512,1,1.0,0.006578947368421052
front3,18,5,152,5,1,0.486040255176253,5,0.4,0.03289473684210526
front3,18,5,152,5,2,0.5007642922698092,1,1.0,0.006578947368421052
front3,18,5,152,5,3,0.5182037299032285,1,1.0,0.006578947368421052
front3,18,6,152,5,1,0.4949883113537567,10,0.6,0.06578947368421052
front3,18,6,152,5,2,0.5238482192733198,4,0.5,0.02631578947368421
front3,18,6,152,5,3,0.5254358826652537,9,0.2222222222222222,0.05921052631578947
front3,18,8,152,5,1,0.4059021229185744,2,0.0,0.013157894736842105
front3,18,8,152,5,2,0.43687541535221114,1,1.0,0.006578947368421052
front3,18,8,152,5,5,0.563093950963169,1,1.0,0.006578947368421052
front3,18,9,152,5,2,0.5106716034029014,1,0.0,0.006578947368421052
front3,18,9,152,5,5,0.5916403993977358,1,1.0,0.006578947368421052
front3,18,10,152,5,2,0.4933233735240245,28,0.5714285714285714,0.18421052631578946
front3,18,10,152,5,3,0.4126571167263034,1,0.0,0.006578947368421052
front3,18,10,152,5,5,0.5607331717007894,1,1.0,0.006578947368421052
front3,18,12,152,5,2,0.5397920916164863,13,0.46153846153846156,0.08552631578947369
front3,18,13,152,5,0,0.0015330077603494148,1,0.0,0.006578947368421052
front3,18,13,152,5,1,0.3933674377113079,2,0.5,0.013157894736842105
front3,18,13,152,5,3,0.35080122623136667,4,0.25,0.02631578947368421
front3,18,13,152,5,5,0.7101359158913041,1,1.0,0.006578947368421052
