A1_actionId,C_actionId,A1_playerId,use_count,win_rate,usage_share
0,1,3,9,0.5555555555555556,0.008144796380090498
0,1,7,7,0.42857142857142855,0.006334841628959276
0,1,14,9,0.8888888888888888,0.008144796380090498
0,1,19,30,0.6666666666666666,0.027149321266968326
0,1,21,10,0.9,0.00904977375565611
0,1,22,13,0.6153846153846154,0.011764705882352941
0,1,23,10,0.4,0.00904977375565611
0,1,26,7,0.42857142857142855,0.006334841628959276
0,1,30,8,0.5,0.007239819004524887
0,1,33,4,0.75,0.0036199095022624436
0,1,35,12,0.4166666666666667,0.01085972850678733
0,1,39,31,0.5161290322580645,0.028054298642533938
0,1,43,16,0.8125,0.014479638009049774
0,1,44,11,0.7272727272727273,0.009954751131221719
0,1,45,11,0.45454545454545453,0.009954751131221719
0,1,51,4,0.5,0.0036199095022624436
0,1,54,10,0.7,0.00904977375565611
0,1,56,3,0.6666666666666666,0.0027149321266968325
0,1,57,16,0.5625,0.014479638009049774
0,1,59,19,0.47368421052631576,0.017194570135746608
0,1,62,4,0.75,0.0036199095022624436
0,1,65,9,0.5555555555555556,0.008144796380090498
0,1,67,4,0.75,0.0036199095022624436
0,1,69,25,0.48,0.02262443438914027
0,1,70,101,0.5346534653465347,0.09140271493212669
0,1,72,62,0.5483870967741935,0.056108597285067875
0,1,74,22,0.6363636363636364,0.019909502262443438
0,1,78,2,0.5,0.0018099547511312218
0,1,88,16,0.625,0.014479638009049774
0,1,90,16,0.625,0.014479638009049774
0,1,94,10,0.5,0.00904977375565611
0,1,96,126,0.6031746031746031,0.11402714932126697
0,1,97,16,0.5625,0.014479638009049774
0,1,107,12,0.5,0.01085972850678733
0,1,111,17,0.5882352941176471,0.015384615384615385
0,1,112,1,1.0,0.0009049773755656109
0,1,115,35,0.5428571428571428,0.03167420814479638
0,1,122,9,0.4444444444444444,0.008144796380090498
0,1,128,92,0.5217391304347826,0.0832579185520362
0,1,129,85,0.5411764705882353,0.07692307692307693
0,1,131,8,0.5,0.007239819004524887
0,1,133,46,0.45652173913043476,0.0416289592760181
0,1,135,12,0.75,0.01085972850678733
0,1,136,84,0.5357142857142857,0.0760180995475113
0,1,137,6,0.6666666666666666,0.005429864253393665
0,1,139,3,0.3333333333333333,0.0027149321266968325
0,1,157,25,0.48,0.02262443438914027
0,1,158,17,0.6470588235294118,0.015384615384615385
0,2,3,11,0.45454545454545453,0.016923076923076923
0,2,7,6,0.6666666666666666,0.009230769230769232
0,2,14,17,0.5882352941176471,0.026153846153846153
0,2,19,39,0.4358974358974359,0.06
0,2,22,6,0.5,0.009230769230769232
0,2,23,11,0.6363636363636364,0.016923076923076923
0,2,26,2,0.5,0.003076923076923077
0,2,28,1,0.0,0.0015384615384615385
0,2,30,6,0.8333333333333334,0.009230769230769232
0,2,33,2,1.0,0.003076923076923077
0,2,35,3,0.6666666666666666,0.004615384615384616
0,2,39,2,0.5,0.003076923076923077
0,2,43,8,0.5,0.012307692307692308
0,2,44,5,0.4,0.007692307692307693
0,2,45,6,0.5,0.009230769230769232
0,2,54,2,0.5,0.003076923076923077
0,2,59,11,0.36363636363636365,0.016923076923076923
0,2,65,4,0.25,0.006153846153846154
0,2,67,7,0.42857142857142855,0.010769230769230769
0,2,69,30,0.4666666666666667,0.046153846153846156
0,2,70,52,0.46153846153846156,0.08
0,2,72,23,0.43478260869565216,0.03538461538461538
0,2,74,26,0.5769230769230769,0.04
0,2,88,22,0.5454545454545454,0.033846153846153845
0,2,90,4,0.75,0.006153846153846154
0,2,96,82,0.4634146341463415,0.12615384615384614
0,2,97,14,0.2857142857142857,0.021538461538461538
0,2,107,15,0.5333333333333333,0.023076923076923078
0,2,111,3,0.3333333333333333,0.004615384615384616
0,2,115,18,0.3888888888888889,0.027692307692307693
0,2,122,20,0.55,0.03076923076923077
0,2,128,27,0.5185185185185185,0.04153846153846154
0,2,129,13,0.6153846153846154,0.02
0,2,131,8,0.5,0.012307692307692308
0,2,133,44,0.5454545454545454,0.06769230769230769
0,2,135,1,1.0,0.0015384615384615385
0,2,136,67,0.3880597014925373,0.10307692307692308
0,2,137,5,0.2,0.007692307692307693
0,2,157,17,0.6470588235294118,0.026153846153846153
0,2,158,10,0.2,0.015384615384615385
0,3,14,1,0.0,0.015151515151515152
0,3,19,1,0.0,0.015151515151515152
0,3,21,5,0.6,0.07575757575757576
0,3,22,2,1.0,0.030303030303030304
0,3,43,1,1.0,0.015151515151515152
0,3,49,7,0.8571428571428571,0.10606060606060606
0,3,57,6,0.8333333333333334,0.09090909090909091
0,3,67,1,1.0,0.015151515151515152
0,3,70,1,1.0,0.015151515151515152
0,3,72,1,1.0,0.015151515151515152
0,3,74,1,0.0,0.015151515151515152
0,3,78,3,0.3333333333333333,0.045454545454545456
0,3,94,2,0.5,0.030303030303030304
0,3,96,5,0.8,0.07575757575757576
0,3,111,4,0.75,0.06060606060606061
0,3,115,4,0.25,0.06060606060606061
0,3,128,2,0.5,0.030303030303030304
0,3,129,1,1.0,0.015151515151515152
0,3,133,2,1.0,0.030303030303030304
0,3,136,10,0.7,0.15151515151515152
0,3,139,5,0.6,0.07575757575757576
0,3,155,1,0.0,0.015151515151515152
0,4,19,10,0.8,0.10752688172043011
0,4,23,3,0.3333333333333333,0.03225806451612903
0,4,35,7,0.7142857142857143,0.07526881720430108
0,4,39,1,0.0,0.010752688172043012
0,4,54,2,1.0,0.021505376344086023
0,4,62,1,1.0,0.010752688172043012
0,4,70,7,0.14285714285714285,0.07526881720430108
0,4,72,13,0.5384615384615384,0.13978494623655913
0,4,74,1,0.0,0.010752688172043012
0,4,88,1,1.0,0.010752688172043012
0,4,96,34,0.6470588235294118,0.3655913978494624
0,4,97,4,0.5,0.043010752688172046
0,4,107,1,1.0,0.010752688172043012
0,4,111,1,0.0,0.010752688172043012
0,4,122,5,0.2,0.053763440860215055
0,4,135,1,0.0,0.010752688172043012
0,4,157,1,0.0,0.010752688172043012
0,5,3,12,0.5,0.07272727272727272
0,5,7,1,0.0,0.006060606060606061
0,5,14,7,0.8571428571428571,0.04242424242424243
0,5,23,10,0.3,0.06060606060606061
0,5,26,3,0.6666666666666666,0.01818181818181818
0,5,33,2,0.5,0.012121212121212121
0,5,39,1,1.0,0.006060606060606061
0,5,44,7,0.7142857142857143,0.04242424242424243
0,5,45,3,0.0,0.01818181818181818
0,5,54,3,0.0,0.01818181818181818
0,5,59,4,1.0,0.024242424242424242
0,5,65,1,0.0,0.006060606060606061
0,5,67,5,0.2,0.030303030303030304
0,5,69,5,0.8,0.030303030303030304
0,5,70,16,0.5,0.09696969696969697
0,5,72,3,0.6666666666666666,0.01818181818181818
0,5,74,1,1.0,0.006060606060606061
0,5,78,2,0.0,0.012121212121212121
0,5,90,1,1.0,0.006060606060606061
0,5,94,1,0.0,0.006060606060606061
0,5,96,7,0.7142857142857143,0.04242424242424243
0,5,107,1,1.0,0.006060606060606061
0,5,111,6,1.0,0.03636363636363636
0,5,115,3,0.6666666666666666,0.01818181818181818
0,5,122,1,1.0,0.006060606060606061
0,5,128,19,0.631578947368421,0.11515151515151516
0,5,131,3,0.6666666666666666,0.01818181818181818
0,5,133,14,0.7857142857142857,0.08484848484848485
0,5,136,13,0.6923076923076923,0.07878787878787878
0,5,139,2,0.0,0.012121212121212121
0,5,157,3,0.6666666666666666,0.01818181818181818
0,5,158,5,0.8,0.030303030303030304
0,6,3,6,0.3333333333333333,0.017543859649122806
0,6,14,12,0.75,0.03508771929824561
0,6,19,25,0.56,0.07309941520467836
0,6,21,1,1.0,0.0029239766081871343
0,6,23,10,0.5,0.029239766081871343
0,6,26,5,0.4,0.014619883040935672
0,6,39,5,0.2,0.014619883040935672
0,6,43,27,0.3333333333333333,0.07894736842105263
0,6,44,3,0.3333333333333333,0.008771929824561403
0,6,45,2,0.5,0.005847953216374269
0,6,54,6,0.8333333333333334,0.017543859649122806
0,6,59,2,1.0,0.005847953216374269
0,6,62,1,1.0,0.0029239766081871343
0,6,65,2,0.5,0.005847953216374269
0,6,67,6,0.0,0.017543859649122806
0,6,70,52,0.38461538461538464,0.15204678362573099
0,6,72,31,0.41935483870967744,0.09064327485380116
0,6,74,17,0.5294117647058824,0.049707602339181284
0,6,78,1,1.0,0.0029239766081871343
0,6,88,1,0.0,0.0029239766081871343
0,6,96,27,0.4444444444444444,0.07894736842105263
0,6,97,13,0.46153846153846156,0.038011695906432746
0,6,107,1,0.0,0.0029239766081871343
0,6,111,2,0.0,0.005847953216374269
0,6,122,4,0.25,0.011695906432748537
0,6,128,1,0.0,0.0029239766081871343
0,6,129,5,0.2,0.014619883040935672
0,6,133,29,0.6896551724137931,0.0847953216374269
0,6,135,9,0.5555555555555556,0.02631578947368421
0,6,136,16,0.5625,0.04678362573099415
0,6,157,14,0.42857142857142855,0.04093567251461988
0,6,158,6,0.3333333333333333,0.017543859649122806
0,7,19,5,0.4,0.03355704697986577
0,7,21,2,0.5,0.013422818791946308
0,7,22,1,0.0,0.006711409395973154
0,7,28,1,1.0,0.006711409395973154
0,7,30,4,0.5,0.026845637583892617
0,7,33,7,0.2857142857142857,0.04697986577181208
0,7,35,6,0.16666666666666666,0.040268456375838924
0,7,39,2,0.0,0.013422818791946308
0,7,43,7,0.7142857142857143,0.04697986577181208
0,7,45,1,0.0,0.006711409395973154
0,7,65,2,0.0,0.013422818791946308
0,7,69,2,1.0,0.013422818791946308
0,7,70,14,0.5,0.09395973154362416
0,7,72,16,0.375,0.10738255033557047
0,7,74,2,0.0,0.013422818791946308
0,7,90,2,0.0,0.013422818791946308
0,7,96,25,0.48,0.16778523489932887
0,7,97,3,0.3333333333333333,0.020134228187919462
0,7,107,1,0.0,0.006711409395973154
0,7,122,6,0.6666666666666666,0.040268456375838924
0,7,128,5,1.0,0.03355704697986577
0,7,129,5,0.2,0.03355704697986577
0,7,131,1,1.0,0.006711409395973154
0,7,133,9,0.3333333333333333,0.06040268456375839
0,7,136,10,0.7,0.06711409395973154
0,7,157,9,0.3333333333333333,0.06040268456375839
0,7,158,1,1.0,0.006711409395973154
0,8,21,1,0.0,0.125
0,8,78,5,0.4,0.625
0,8,96,1,1.0,0.125
0,8,139,1,1.0,0.125
0,9,139,1,0.0,1.0
0,10,3,3,0.6666666666666666,0.00505902192242833
0,10,7,4,0.5,0.006745362563237774
0,10,14,5,0.4,0.008431703204047217
0,10,19,20,0.4,0.03372681281618887
0,10,21,7,0.5714285714285714,0.011804384485666104
0,10,22,6,0.8333333333333334,0.01011804384485666
0,10,26,4,0.75,0.006745362563237774
0,10,30,7,0.5714285714285714,0.011804384485666104
0,10,33,1,0.0,0.0016863406408094434
0,10,39,2,1.0,0.003372681281618887
0,10,43,7,0.42857142857142855,0.011804384485666104
0,10,44,2,0.5,0.003372681281618887
0,10,45,16,0.5,0.026981450252951095
0,10,49,15,0.4666666666666667,0.025295109612141653
0,10,51,17,0.7058823529411765,0.02866779089376054
0,10,54,3,0.3333333333333333,0.00505902192242833
0,10,56,16,0.625,0.026981450252951095
0,10,57,3,0.6666666666666666,0.00505902192242833
0,10,59,8,0.5,0.013490725126475547
0,10,62,4,0.75,0.006745362563237774
0,10,65,3,0.0,0.00505902192242833
0,10,66,7,0.7142857142857143,0.011804384485666104
0,10,67,3,0.6666666666666666,0.00505902192242833
0,10,69,6,0.16666666666666666,0.01011804384485666
0,10,70,27,0.37037037037037035,0.045531197301854974
0,10,72,20,0.35,0.03372681281618887
0,10,74,20,0.5,0.03372681281618887
0,10,78,17,0.23529411764705882,0.02866779089376054
0,10,88,1,0.0,0.0016863406408094434
0,10,90,16,0.25,0.026981450252951095
0,10,94,26,0.34615384615384615,0.04384485666104553
0,10,96,42,0.5238095238095238,0.07082630691399663
0,10,97,4,0.25,0.006745362563237774
0,10,107,13,0.23076923076923078,0.021922428330522766
0,10,111,20,0.35,0.03372681281618887
0,10,115,13,0.23076923076923078,0.021922428330522766
0,10,122,12,0.25,0.02023608768971332
0,10,128,37,0.5135135135135135,0.06239460370994941
0,10,129,5,0.6,0.008431703204047217
0,10,131,3,1.0,0.00505902192242833
0,10,133,44,0.5,0.07419898819561552
0,10,136,60,0.55,0.10118043844856661
0,10,137,3,0.3333333333333333,0.00505902192242833
0,10,139,3,0.0,0.00505902192242833
0,10,155,22,0.6818181818181818,0.03709949409780776
0,10,157,8,0.5,0.013490725126475547
0,10,158,8,0.125,0.013490725126475547
0,11,3,1,0.0,0.0036101083032490976
0,11,7,1,1.0,0.0036101083032490976
0,11,14,1,1.0,0.0036101083032490976
0,11,19,22,0.5454545454545454,0.07942238267148015
0,11,21,2,1.0,0.007220216606498195
0,11,22,1,0.0,0.0036101083032490976
0,11,23,5,0.4,0.018050541516245487
0,11,30,1,0.0,0.0036101083032490976
0,11,33,5,0.4,0.018050541516245487
0,11,35,16,0.375,0.05776173285198556
0,11,39,3,0.6666666666666666,0.010830324909747292
0,11,43,9,0.5555555555555556,0.032490974729241874
0,11,45,1,0.0,0.0036101083032490976
0,11,54,3,0.3333333333333333,0.010830324909747292
0,11,57,2,0.5,0.007220216606498195
0,11,62,5,0.6,0.018050541516245487
0,11,65,2,0.5,0.007220216606498195
0,11,67,4,0.5,0.01444043321299639
0,11,70,21,0.5714285714285714,0.07581227436823104
0,11,72,22,0.45454545454545453,0.07942238267148015
0,11,74,11,0.45454545454545453,0.039711191335740074
0,11,88,8,0.5,0.02888086642599278
0,11,94,1,0.0,0.0036101083032490976
0,11,96,37,0.4594594594594595,0.13357400722021662
0,11,97,8,0.5,0.02888086642599278
0,11,111,3,0.3333333333333333,0.010830324909747292
0,11,122,12,0.3333333333333333,0.04332129963898917
0,11,128,5,0.6,0.018050541516245487
0,11,129,23,0.5652173913043478,0.08303249097472924
0,11,133,5,0.4,0.018050541516245487
0,11,135,4,0.75,0.01444043321299639
0,11,136,18,0.5,0.06498194945848375
0,11,137,3,0.3333333333333333,0.010830324909747292
0,11,157,9,0.3333333333333333,0.032490974729241874
0,11,158,3,0.3333333333333333,0.010830324909747292
0,12,49,14,0.5714285714285714,0.10144927536231885
0,12,51,11,0.6363636363636364,0.07971014492753623
0,12,56,17,0.4117647058823529,0.12318840579710146
0,12,66,38,0.6052631578947368,0.2753623188405797
0,12,70,1,1.0,0.007246376811594203
0,12,78,25,0.36,0.18115942028985507
0,12,139,16,0.3125,0.11594202898550725
0,12,155,16,0.5625,0.11594202898550725
0,13,7,12,0.25,0.03614457831325301
0,13,19,10,0.3,0.030120481927710843
0,13,22,4,0.5,0.012048192771084338
0,13,23,3,0.3333333333333333,0.009036144578313253
0,13,30,5,0.6,0.015060240963855422
0,13,33,1,0.0,0.0030120481927710845
0,13,35,1,1.0,0.0030120481927710845
0,13,39,12,0.4166666666666667,0.03614457831325301
0,13,43,19,0.21052631578947367,0.0572289156626506
0,13,44,3,0.3333333333333333,0.009036144578313253
0,13,45,15,0.2,0.045180722891566265
0,13,54,1,0.0,0.0030120481927710845
0,13,59,1,0.0,0.0030120481927710845
0,13,62,7,0.5714285714285714,0.02108433734939759
0,13,65,6,0.5,0.018072289156626505
0,13,67,3,0.0,0.009036144578313253
0,13,69,1,0.0,0.0030120481927710845
0,13,70,17,0.29411764705882354,0.05120481927710843
0,13,72,18,0.2777777777777778,0.05421686746987952
0,13,74,24,0.25,0.07228915662650602
0,13,78,5,0.4,0.015060240963855422
0,13,88,2,0.5,0.006024096385542169
0,13,96,41,0.3170731707317073,0.12349397590361445
0,13,97,15,0.13333333333333333,0.045180722891566265
0,13,107,4,0.25,0.012048192771084338
0,13,115,3,0.0,0.009036144578313253
0,13,122,14,0.5,0.04216867469879518
0,13,128,8,0.25,0.024096385542168676
0,13,129,31,0.4838709677419355,0.09337349397590361
0,13,131,7,0.5714285714285714,0.02108433734939759
0,13,133,12,0.5,0.03614457831325301
0,13,135,1,0.0,0.0030120481927710845
0,13,136,18,0.2222222222222222,0.05421686746987952
0,13,137,1,0.0,0.0030120481927710845
0,13,157,5,0.2,0.015060240963855422
0,13,158,2,0.5,0.006024096385542169
0,14,67,1,0.0,0.16666666666666666
0,14,96,4,0.5,0.6666666666666666
0,14,122,1,0.0,0.16666666666666666
15,1,0,6,0.3333333333333333,0.0018610421836228288
15,1,1,5,0.4,0.0015508684863523574
15,1,2,1,1.0,0.00031017369727047146
15,1,3,37,0.43243243243243246,0.011476426799007445
15,1,4,17,0.29411764705882354,0.005272952853598015
15,1,5,3,1.0,0.0009305210918114144
15,1,6,13,0.7692307692307693,0.004032258064516129
15,1,8,21,0.47619047619047616,0.006513647642679901
15,1,9,1,0.0,0.00031017369727047146
15,1,10,21,0.47619047619047616,0.006513647642679901
15,1,11,29,0.5862068965517241,0.008995037220843672
15,1,12,29,0.6551724137931034,0.008995037220843672
15,1,13,12,0.5,0.0037220843672456576
15,1,15,6,0.16666666666666666,0.0018610421836228288
15,1,16,5,0.4,0.0015508684863523574
15,1,17,4,0.25,0.0012406947890818859
15,1,18,3,0.0,0.0009305210918114144
15,1,20,6,0.6666666666666666,0.0018610421836228288
15,1,21,16,0.625,0.004962779156327543
15,1,23,2,1.0,0.0006203473945409429
15,1,24,8,0.125,0.0024813895781637717
15,1,25,15,0.6,0.004652605459057072
15,1,27,1,1.0,0.00031017369727047146
15,1,29,18,0.3888888888888889,0.005583126550868486
15,1,31,22,0.6818181818181818,0.006823821339950372
15,1,32,4,0.75,0.0012406947890818859
15,1,33,3,0.6666666666666666,0.0009305210918114144
15,1,34,15,0.5333333333333333,0.004652605459057072
15,1,35,4,0.75,0.0012406947890818859
15,1,36,3,1.0,0.0009305210918114144
15,1,37,26,0.6923076923076923,0.008064516129032258
15,1,38,28,0.5357142857142857,0.008684863523573201
15,1,40,3,0.6666666666666666,0.0009305210918114144
15,1,41,16,0.6875,0.004962779156327543
15,1,42,1,1.0,0.00031017369727047146
15,1,46,15,0.4666666666666667,0.004652605459057072
15,1,47,13,0.38461538461538464,0.004032258064516129
15,1,48,2,0.5,0.0006203473945409429
15,1,50,15,0.4666666666666667,0.004652605459057072
15,1,52,7,1.0,0.0021712158808933004
15,1,54,18,0.5,0.005583126550868486
15,1,55,6,0.16666666666666666,0.0018610421836228288
15,1,56,2,0.5,0.0006203473945409429
15,1,57,17,0.8235294117647058,0.005272952853598015
15,1,58,3,0.3333333333333333,0.0009305210918114144
15,1,61,5,0.2,0.0015508684863523574
15,1,62,6,0.16666666666666666,0.0018610421836228288
15,1,63,1,0.0,0.00031017369727047146
15,1,64,105,0.5619047619047619,0.032568238213399506
15,1,68,13,0.6923076923076923,0.004032258064516129
15,1,69,19,0.47368421052631576,0.005893300248138958
15,1,70,53,0.5849056603773585,0.016439205955334987
15,1,71,11,0.36363636363636365,0.003411910669975186
15,1,72,114,0.4649122807017544,0.03535980148883375
15,1,73,23,0.43478260869565216,0.007133995037220843
15,1,75,6,0.16666666666666666,0.0018610421836228288
15,1,76,13,0.5384615384615384,0.004032258064516129
15,1,77,15,0.6,0.004652605459057072
15,1,79,6,0.16666666666666666,0.0018610421836228288
15,1,80,17,0.7647058823529411,0.005272952853598015
15,1,81,22,0.45454545454545453,0.006823821339950372
15,1,82,1,0.0,0.00031017369727047146
15,1,83,8,0.375,0.0024813895781637717
15,1,84,5,0.6,0.0015508684863523574
15,1,85,16,0.5,0.004962779156327543
15,1,86,22,0.5454545454545454,0.006823821339950372
15,1,87,9,0.1111111111111111,0.002791563275434243
15,1,89,14,0.35714285714285715,0.004342431761786601
15,1,90,22,0.5454545454545454,0.006823821339950372
15,1,91,4,0.5,0.0012406947890818859
15,1,92,5,0.4,0.0015508684863523574
15,1,93,14,0.35714285714285715,0.004342431761786601
15,1,95,8,0.5,0.0024813895781637717
15,1,96,315,0.5873015873015873,0.09770471464019852
15,1,98,10,0.3,0.003101736972704715
15,1,99,14,0.5,0.004342431761786601
15,1,100,2,0.0,0.0006203473945409429
15,1,101,85,0.5882352941176471,0.026364764267990073
15,1,102,5,0.4,0.0015508684863523574
15,1,103,8,0.25,0.0024813895781637717
15,1,104,12,0.25,0.0037220843672456576
15,1,105,4,0.0,0.0012406947890818859
15,1,106,13,0.46153846153846156,0.004032258064516129
15,1,107,23,0.391304347826087,0.007133995037220843
15,1,108,3,0.0,0.0009305210918114144
15,1,109,6,0.3333333333333333,0.0018610421836228288
15,1,110,23,0.6956521739130435,0.007133995037220843
15,1,111,82,0.5487804878048781,0.02543424317617866
15,1,112,41,0.6097560975609756,0.01271712158808933
15,1,113,16,0.5625,0.004962779156327543
15,1,114,1,0.0,0.00031017369727047146
15,1,115,55,0.34545454545454546,0.017059553349875932
15,1,116,1,0.0,0.00031017369727047146
15,1,117,10,0.7,0.003101736972704715
15,1,118,28,0.8214285714285714,0.008684863523573201
15,1,119,4,0.25,0.0012406947890818859
15,1,121,21,0.7142857142857143,0.006513647642679901
15,1,122,78,0.5769230769230769,0.024193548387096774
15,1,123,4,0.5,0.0012406947890818859
15,1,124,8,0.375,0.0024813895781637717
15,1,126,4,0.75,0.0012406947890818859
15,1,127,3,0.3333333333333333,0.0009305210918114144
15,1,128,224,0.5401785714285714,0.06947890818858561
15,1,129,43,0.627906976744186,0.013337468982630272
15,1,130,6,0.16666666666666666,0.0018610421836228288
15,1,132,140,0.5642857142857143,0.043424317617866005
15,1,134,6,0.8333333333333334,0.0018610421836228288
15,1,136,294,0.5170068027210885,0.09119106699751861
15,1,137,6,1.0,0.0018610421836228288
15,1,138,30,0.6,0.009305210918114143
15,1,139,3,0.6666666666666666,0.0009305210918114144
15,1,140,51,0.6274509803921569,0.015818858560794045
15,1,141,15,0.4666666666666667,0.004652605459057072
15,1,142,5,0.8,0.0015508684863523574
15,1,143,15,0.26666666666666666,0.004652605459057072
15,1,144,119,0.5966386554621849,0.036910669975186106
15,1,145,2,0.0,0.0006203473945409429
15,1,146,5,0.6,0.0015508684863523574
15,1,147,8,0.625,0.0024813895781637717
15,1,148,19,0.42105263157894735,0.005893300248138958
15,1,149,13,0.7692307692307693,0.004032258064516129
15,1,150,48,0.6458333333333334,0.01488833746898263
15,1,151,15,0.4,0.004652605459057072
15,1,152,6,0.5,0.0018610421836228288
15,1,153,102,0.6764705882352942,0.03163771712158809
15,1,154,5,0.2,0.0015508684863523574
15,1,155,7,0.42857142857142855,0.0021712158808933004
15,1,156,10,0.8,0.003101736972704715
15,1,157,30,0.4,0.009305210918114143
15,1,158,5,0.2,0.0015508684863523574
15,1,159,8,0.5,0.0024813895781637717
15,1,160,6,0.0,0.0018610421836228288
15,1,161,12,0.5833333333333334,0.0037220843672456576
15,1,162,7,0.8571428571428571,0.0021712158808933004
15,1,163,20,0.55,0.00620347394540943
15,1,164,1,0.0,0.00031017369727047146
15,2,0,4,1.0,0.005961251862891207
15,2,1,2,0.5,0.0029806259314456036
15,2,8,2,0.5,0.0029806259314456036
15,2,10,5,0.4,0.007451564828614009
15,2,11,19,0.5263157894736842,0.028315946348733235
15,2,13,19,0.5263157894736842,0.028315946348733235
15,2,17,4,0.25,0.005961251862891207
15,2,18,2,0.5,0.0029806259314456036
15,2,20,6,0.6666666666666666,0.00894187779433681
15,2,21,1,1.0,0.0014903129657228018
15,2,24,3,0.6666666666666666,0.004470938897168405
15,2,25,2,0.5,0.0029806259314456036
15,2,28,2,0.5,0.0029806259314456036
15,2,29,2,0.5,0.0029806259314456036
15,2,31,1,1.0,0.0014903129657228018
15,2,33,1,0.0,0.0014903129657228018
15,2,34,2,0.0,0.0029806259314456036
15,2,35,1,1.0,0.0014903129657228018
15,2,36,5,0.0,0.007451564828614009
15,2,37,9,0.2222222222222222,0.013412816691505217
15,2,40,4,0.25,0.005961251862891207
15,2,41,1,0.0,0.0014903129657228018
15,2,47,8,0.75,0.011922503725782414
15,2,50,6,0.6666666666666666,0.00894187779433681
15,2,54,1,1.0,0.0014903129657228018
15,2,55,2,0.5,0.0029806259314456036
15,2,56,1,0.0,0.0014903129657228018
15,2,58,1,0.0,0.0014903129657228018
15,2,61,2,0.0,0.0029806259314456036
15,2,62,1,1.0,0.0014903129657228018
15,2,64,8,0.625,0.011922503725782414
15,2,69,1,1.0,0.0014903129657228018
15,2,70,28,0.35714285714285715,0.041728763040238454
15,2,71,3,1.0,0.004470938897168405
15,2,72,28,0.6071428571428571,0.041728763040238454
15,2,73,1,0.0,0.0014903129657228018
15,2,76,2,0.0,0.0029806259314456036
15,2,80,1,1.0,0.0014903129657228018
15,2,81,13,0.5384615384615384,0.019374068554396422
15,2,83,2,0.5,0.0029806259314456036
15,2,85,4,1.0,0.005961251862891207
15,2,86,4,0.0,0.005961251862891207
15,2,87,2,0.0,0.0029806259314456036
15,2,90,1,0.0,0.0014903129657228018
15,2,91,1,1.0,0.0014903129657228018
15,2,96,90,0.4222222222222222,0.13412816691505217
15,2,98,2,0.0,0.0029806259314456036
15,2,101,25,0.56,0.037257824143070044
15,2,104,3,0.3333333333333333,0.004470938897168405
15,2,106,28,0.4642857142857143,0.041728763040238454
15,2,107,2,0.0,0.0029806259314456036
15,2,108,3,0.3333333333333333,0.004470938897168405
15,2,109,1,1.0,0.0014903129657228018
15,2,110,1,0.0,0.0014903129657228018
15,2,111,15,0.5333333333333333,0.022354694485842028
15,2,112,9,0.6666666666666666,0.013412816691505217
15,2,113,3,1.0,0.004470938897168405
15,2,115,4,0.75,0.005961251862891207
15,2,117,4,0.75,0.005961251862891207
15,2,118,3,0.6666666666666666,0.004470938897168405
15,2,122,22,0.45454545454545453,0.03278688524590164
15,2,123,5,0.2,0.007451564828614009
15,2,126,1,1.0,0.0014903129657228018
15,2,127,5,0.2,0.007451564828614009
15,2,128,7,0.5714285714285714,0.010432190760059613
15,2,129,20,0.65,0.029806259314456036
15,2,132,32,0.4375,0.04769001490312966
15,2,136,88,0.4318181818181818,0.13114754098360656
15,2,137,5,0.2,0.007451564828614009
15,2,138,10,0.4,0.014903129657228018
15,2,140,4,0.5,0.005961251862891207
15,2,143,1,0.0,0.0014903129657228018
15,2,144,8,0.625,0.011922503725782414
15,2,145,2,0.0,0.0029806259314456036
15,2,147,1,0.0,0.0014903129657228018
15,2,148,1,1.0,0.0014903129657228018
15,2,149,5,0.8,0.007451564828614009
15,2,150,16,0.4375,0.02384500745156483
15,2,151,1,0.0,0.0014903129657228018
15,2,153,4,0.25,0.005961251862891207
15,2,156,1,0.0,0.0014903129657228018
15,2,157,10,0.2,0.014903129657228018
15,2,158,1,0.0,0.0014903129657228018
15,2,159,4,0.25,0.005961251862891207
15,2,161,1,0.0,0.0014903129657228018
15,2,162,5,0.2,0.007451564828614009
15,3,4,1,0.0,0.005780346820809248
15,3,6,6,0.5,0.03468208092485549
15,3,11,2,0.5,0.011560693641618497
15,3,21,2,0.5,0.011560693641618497
15,3,32,2,1.0,0.011560693641618497
15,3,34,1,0.0,0.005780346820809248
15,3,37,6,1.0,0.03468208092485549
15,3,42,3,0.6666666666666666,0.017341040462427744
15,3,52,12,0.5,0.06936416184971098
15,3,53,3,0.6666666666666666,0.017341040462427744
15,3,57,2,0.5,0.011560693641618497
15,3,64,1,0.0,0.005780346820809248
15,3,79,1,0.0,0.005780346820809248
15,3,82,25,0.56,0.14450867052023122
15,3,93,1,0.0,0.005780346820809248
15,3,95,1,1.0,0.005780346820809248
15,3,96,6,0.6666666666666666,0.03468208092485549
15,3,99,3,0.6666666666666666,0.017341040462427744
15,3,102,1,0.0,0.005780346820809248
15,3,105,10,0.4,0.057803468208092484
15,3,115,1,1.0,0.005780346820809248
15,3,116,5,0.8,0.028901734104046242
15,3,118,2,1.0,0.011560693641618497
15,3,120,1,0.0,0.005780346820809248
15,3,121,1,0.0,0.005780346820809248
15,3,128,1,1.0,0.005780346820809248
15,3,130,2,1.0,0.011560693641618497
15,3,134,2,0.5,0.011560693641618497
15,3,136,17,0.7647058823529411,0.09826589595375723
15,3,139,1,0.0,0.005780346820809248
15,3,141,11,0.2727272727272727,0.06358381502890173
15,3,143,1,1.0,0.005780346820809248
15,3,144,4,0.75,0.023121387283236993
15,3,145,2,0.5,0.011560693641618497
15,3,146,4,0.25,0.023121387283236993
15,3,149,1,0.0,0.005780346820809248
15,3,152,1,0.0,0.005780346820809248
15,3,155,5,0.6,0.028901734104046242
15,3,156,1,0.0,0.005780346820809248
15,3,160,18,0.3333333333333333,0.10404624277456648
15,3,164,2,1.0,0.011560693641618497
15,3,165,1,1.0,0.005780346820809248
15,4,12,1,1.0,0.0048543689320388345
15,4,13,6,0.6666666666666666,0.02912621359223301
15,4,16,1,0.0,0.0048543689320388345
15,4,23,1,1.0,0.0048543689320388345
15,4,28,1,1.0,0.0048543689320388345
15,4,29,2,0.5,0.009708737864077669
15,4,33,1,0.0,0.0048543689320388345
15,4,35,1,1.0,0.0048543689320388345
15,4,38,1,1.0,0.0048543689320388345
15,4,55,1,0.0,0.0048543689320388345
15,4,62,3,0.0,0.014563106796116505
15,4,64,4,0.0,0.019417475728155338
15,4,69,1,1.0,0.0048543689320388345
15,4,70,4,0.75,0.019417475728155338
15,4,72,23,0.43478260869565216,0.11165048543689321
15,4,79,1,1.0,0.0048543689320388345
15,4,86,4,0.5,0.019417475728155338
15,4,90,1,0.0,0.0048543689320388345
15,4,92,2,0.5,0.009708737864077669
15,4,96,74,0.6486486486486487,0.3592233009708738
15,4,98,1,1.0,0.0048543689320388345
15,4,101,6,0.6666666666666666,0.02912621359223301
15,4,103,1,0.0,0.0048543689320388345
15,4,111,3,1.0,0.014563106796116505
15,4,112,2,1.0,0.009708737864077669
15,4,115,2,1.0,0.009708737864077669
15,4,122,13,0.46153846153846156,0.06310679611650485
15,4,126,1,0.0,0.0048543689320388345
15,4,128,1,0.0,0.0048543689320388345
15,4,129,6,0.6666666666666666,0.02912621359223301
15,4,130,1,1.0,0.0048543689320388345
15,4,132,3,0.3333333333333333,0.014563106796116505
15,4,136,4,0.25,0.019417475728155338
15,4,137,4,0.5,0.019417475728155338
15,4,138,1,0.0,0.0048543689320388345
15,4,140,3,0.3333333333333333,0.014563106796116505
15,4,144,2,0.5,0.009708737864077669
15,4,150,1,1.0,0.0048543689320388345
15,4,153,6,0.6666666666666666,0.02912621359223301
15,4,159,1,0.0,0.0048543689320388345
15,4,161,1,1.0,0.0048543689320388345
15,4,162,4,0.25,0.019417475728155338
15,4,163,6,0.5,0.02912621359223301
15,5,2,3,0.3333333333333333,0.0055658627087198514
15,5,3,3,0.3333333333333333,0.0055658627087198514
15,5,6,3,0.0,0.0055658627087198514
15,5,8,2,0.5,0.0037105751391465678
15,5,9,2,0.5,0.0037105751391465678
15,5,10,1,1.0,0.0018552875695732839
15,5,12,4,0.5,0.0074211502782931356
15,5,13,3,0.3333333333333333,0.0055658627087198514
15,5,15,1,0.0,0.0018552875695732839
15,5,20,4,0.25,0.0074211502782931356
15,5,21,1,0.0,0.0018552875695732839
15,5,23,1,0.0,0.0018552875695732839
15,5,31,1,0.0,0.0018552875695732839
15,5,33,6,0.3333333333333333,0.011131725417439703
15,5,34,6,0.5,0.011131725417439703
15,5,37,14,0.2857142857142857,0.025974025974025976
15,5,38,10,0.5,0.01855287569573284
15,5,40,1,0.0,0.0018552875695732839
15,5,41,3,0.6666666666666666,0.0055658627087198514
15,5,42,1,0.0,0.0018552875695732839
15,5,47,1,1.0,0.0018552875695732839
15,5,50,2,0.0,0.0037105751391465678
15,5,52,2,0.0,0.0037105751391465678
15,5,53,4,0.5,0.0074211502782931356
15,5,54,6,0.16666666666666666,0.011131725417439703
15,5,57,5,0.6,0.00927643784786642
15,5,61,4,0.0,0.0074211502782931356
15,5,62,7,0.14285714285714285,0.012987012987012988
15,5,64,22,0.45454545454545453,0.04081632653061224
15,5,69,3,0.3333333333333333,0.0055658627087198514
15,5,70,20,0.3,0.03710575139146568
15,5,71,1,1.0,0.0018552875695732839
15,5,72,23,0.391304347826087,0.04267161410018553
15,5,73,8,0.625,0.014842300556586271
15,5,75,1,1.0,0.0018552875695732839
15,5,76,2,0.0,0.0037105751391465678
15,5,79,4,0.5,0.0074211502782931356
15,5,80,2,1.0,0.0037105751391465678
15,5,81,8,0.25,0.014842300556586271
15,5,82,13,0.6923076923076923,0.02411873840445269
15,5,83,1,0.0,0.0018552875695732839
15,5,86,14,0.35714285714285715,0.025974025974025976
15,5,87,1,1.0,0.0018552875695732839
15,5,90,1,1.0,0.0018552875695732839
15,5,92,2,0.0,0.0037105751391465678
15,5,95,2,0.0,0.0037105751391465678
15,5,96,15,0.4666666666666667,0.027829313543599257
15,5,99,1,0.0,0.0018552875695732839
15,5,101,14,0.21428571428571427,0.025974025974025976
15,5,102,2,0.0,0.0037105751391465678
15,5,103,4,0.75,0.0074211502782931356
15,5,104,1,1.0,0.0018552875695732839
15,5,105,4,0.25,0.0074211502782931356
15,5,106,10,0.7,0.01855287569573284
15,5,107,1,1.0,0.0018552875695732839
15,5,109,2,1.0,0.0037105751391465678
15,5,110,2,0.0,0.0037105751391465678
15,5,111,23,0.43478260869565216,0.04267161410018553
15,5,112,13,0.6923076923076923,0.02411873840445269
15,5,115,16,0.4375,0.029684601113172542
15,5,116,4,0.5,0.0074211502782931356
15,5,118,1,0.0,0.0018552875695732839
15,5,121,1,1.0,0.0018552875695732839
15,5,122,12,0.5,0.022263450834879406
15,5,123,2,0.5,0.0037105751391465678
15,5,126,1,1.0,0.0018552875695732839
15,5,128,6,0.5,0.011131725417439703
15,5,129,3,0.0,0.0055658627087198514
15,5,130,1,1.0,0.0018552875695732839
15,5,132,17,0.23529411764705882,0.03153988868274583
15,5,134,2,1.0,0.0037105751391465678
15,5,136,68,0.5,0.1261595547309833
15,5,137,7,0.7142857142857143,0.012987012987012988
15,5,139,1,0.0,0.0018552875695732839
15,5,140,13,0.23076923076923078,0.02411873840445269
15,5,143,1,1.0,0.0018552875695732839
15,5,144,22,0.5454545454545454,0.04081632653061224
15,5,145,4,0.25,0.0074211502782931356
15,5,147,4,0.25,0.0074211502782931356
15,5,148,1,1.0,0.0018552875695732839
15,5,149,8,0.5,0.014842300556586271
15,5,150,5,0.2,0.00927643784786642
15,5,152,1,0.0,0.0018552875695732839
15,5,155,2,0.5,0.0037105751391465678
15,5,156,2,0.0,0.0037105751391465678
15,5,157,8,0.25,0.014842300556586271
15,5,159,1,1.0,0.0018552875695732839
15,5,160,3,0.0,0.0055658627087198514
15,5,161,1,1.0,0.0018552875695732839
15,6,0,5,0.2,0.005165289256198347
15,6,2,3,0.0,0.0030991735537190084
15,6,3,4,0.75,0.004132231404958678
15,6,8,13,0.3076923076923077,0.013429752066115703
15,6,9,1,0.0,0.0010330578512396695
15,6,10,2,0.5,0.002066115702479339
15,6,12,2,1.0,0.002066115702479339
15,6,13,7,0.42857142857142855,0.007231404958677686
15,6,15,1,0.0,0.0010330578512396695
15,6,16,1,0.0,0.0010330578512396695
15,6,20,1,1.0,0.0010330578512396695
15,6,21,15,0.2,0.015495867768595042
15,6,23,1,0.0,0.0010330578512396695
15,6,24,3,0.0,0.0030991735537190084
15,6,25,4,0.5,0.004132231404958678
15,6,28,2,0.5,0.002066115702479339
15,6,31,11,0.45454545454545453,0.011363636363636364
15,6,33,1,1.0,0.0010330578512396695
15,6,34,5,0.8,0.005165289256198347
15,6,35,8,0.625,0.008264462809917356
15,6,36,8,0.625,0.008264462809917356
15,6,37,1,1.0,0.0010330578512396695
15,6,38,1,1.0,0.0010330578512396695
15,6,40,2,0.0,0.002066115702479339
15,6,41,2,0.5,0.002066115702479339
15,6,42,2,0.5,0.002066115702479339
15,6,46,1,0.0,0.0010330578512396695
15,6,47,2,0.5,0.002066115702479339
15,6,49,1,1.0,0.0010330578512396695
15,6,50,12,0.5833333333333334,0.012396694214876033
15,6,52,11,0.45454545454545453,0.011363636363636364
15,6,53,11,0.36363636363636365,0.011363636363636364
15,6,55,7,0.14285714285714285,0.007231404958677686
15,6,57,1,0.0,0.0010330578512396695
15,6,58,8,0.5,0.008264462809917356
15,6,61,6,0.5,0.006198347107438017
15,6,62,1,0.0,0.0010330578512396695
15,6,64,73,0.6027397260273972,0.07541322314049587
15,6,68,6,0.6666666666666666,0.006198347107438017
15,6,69,2,1.0,0.002066115702479339
15,6,70,5,0.4,0.005165289256198347
15,6,71,29,0.41379310344827586,0.029958677685950414
15,6,72,42,0.5952380952380952,0.04338842975206612
15,6,73,4,0.5,0.004132231404958678
15,6,76,5,0.4,0.005165289256198347
15,6,80,2,0.5,0.002066115702479339
15,6,81,1,1.0,0.0010330578512396695
15,6,82,1,1.0,0.0010330578512396695
15,6,83,2,0.5,0.002066115702479339
15,6,84,1,1.0,0.0010330578512396695
15,6,85,6,0.5,0.006198347107438017
15,6,89,2,0.0,0.002066115702479339
15,6,90,5,0.2,0.005165289256198347
15,6,92,3,1.0,0.0030991735537190084
15,6,93,1,0.0,0.0010330578512396695
15,6,96,82,0.36585365853658536,0.08471074380165289
15,6,98,3,0.3333333333333333,0.0030991735537190084
15,6,100,3,0.0,0.0030991735537190084
15,6,101,42,0.4523809523809524,0.04338842975206612
15,6,103,1,1.0,0.0010330578512396695
15,6,104,10,0.5,0.010330578512396695
15,6,105,3,1.0,0.0030991735537190084
15,6,106,52,0.4423076923076923,0.05371900826446281
15,6,107,6,0.6666666666666666,0.006198347107438017
15,6,108,8,0.125,0.008264462809917356
15,6,109,1,0.0,0.0010330578512396695
15,6,110,3,0.3333333333333333,0.0030991735537190084
15,6,111,2,1.0,0.002066115702479339
15,6,112,19,0.2631578947368421,0.01962809917355372
15,6,113,9,0.4444444444444444,0.009297520661157025
15,6,115,6,0.3333333333333333,0.006198347107438017
15,6,116,6,0.6666666666666666,0.006198347107438017
15,6,117,8,0.375,0.008264462809917356
15,6,118,7,0.2857142857142857,0.007231404958677686
15,6,119,2,1.0,0.002066115702479339
15,6,121,2,0.5,0.002066115702479339
15,6,122,38,0.5526315789473685,0.03925619834710744
15,6,123,1,0.0,0.0010330578512396695
15,6,126,5,0.6,0.005165289256198347
15,6,128,31,0.45161290322580644,0.03202479338842975
15,6,129,18,0.5555555555555556,0.01859504132231405
15,6,130,2,0.5,0.002066115702479339
15,6,132,18,0.5,0.01859504132231405
15,6,136,51,0.6470588235294118,0.05268595041322314
15,6,138,29,0.5172413793103449,0.029958677685950414
15,6,139,1,1.0,0.0010330578512396695
15,6,140,13,0.6153846153846154,0.013429752066115703
15,6,142,1,0.0,0.0010330578512396695
15,6,144,37,0.5675675675675675,0.038223140495867766
15,6,145,6,0.5,0.006198347107438017
15,6,147,2,0.5,0.002066115702479339
15,6,148,1,1.0,0.0010330578512396695
15,6,149,1,0.0,0.0010330578512396695
15,6,150,14,0.5,0.014462809917355372
15,6,151,1,0.0,0.0010330578512396695
15,6,152,4,0.25,0.004132231404958678
15,6,153,5,1.0,0.005165289256198347
15,6,154,2,0.5,0.002066115702479339
15,6,156,3,0.0,0.0030991735537190084
15,6,157,23,0.5217391304347826,0.023760330578512397
15,6,158,5,0.2,0.005165289256198347
15,6,159,8,0.375,0.008264462809917356
15,6,160,3,0.6666666666666666,0.0030991735537190084
15,6,161,7,0.5714285714285714,0.007231404958677686
15,6,162,2,0.5,0.002066115702479339
15,6,164,4,0.25,0.004132231404958678
15,7,0,2,1.0,0.0091324200913242
15,7,6,2,1.0,0.0091324200913242
15,7,13,1,1.0,0.0045662100456621
15,7,15,2,0.5,0.0091324200913242
15,7,16,3,0.3333333333333333,0.0136986301369863
15,7,18,3,0.6666666666666666,0.0136986301369863
15,7,20,1,1.0,0.0045662100456621
15,7,21,3,0.6666666666666666,0.0136986301369863
15,7,24,1,0.0,0.0045662100456621
15,7,28,1,0.0,0.0045662100456621
15,7,31,3,1.0,0.0136986301369863
15,7,33,2,0.5,0.0091324200913242
15,7,35,3,0.3333333333333333,0.0136986301369863
15,7,38,2,0.5,0.0091324200913242
15,7,54,4,0.5,0.0182648401826484
15,7,69,2,0.0,0.0091324200913242
15,7,70,7,0.42857142857142855,0.0319634703196347
15,7,71,4,0.0,0.0182648401826484
15,7,72,12,0.5,0.0547945205479452
15,7,73,1,1.0,0.0045662100456621
15,7,76,9,0.6666666666666666,0.0410958904109589
15,7,80,1,1.0,0.0045662100456621
15,7,81,2,0.5,0.0091324200913242
15,7,86,3,0.3333333333333333,0.0136986301369863
15,7,87,1,1.0,0.0045662100456621
15,7,89,1,1.0,0.0045662100456621
15,7,90,3,0.3333333333333333,0.0136986301369863
15,7,96,20,0.4,0.091324200913242
15,7,98,1,0.0,0.0045662100456621
15,7,100,7,0.5714285714285714,0.0319634703196347
15,7,101,2,1.0,0.0091324200913242
15,7,106,1,0.0,0.0045662100456621
15,7,107,3,1.0,0.0136986301369863
15,7,108,1,1.0,0.0045662100456621
15,7,110,2,0.0,0.0091324200913242
15,7,111,6,0.5,0.0273972602739726
15,7,112,1,1.0,0.0045662100456621
15,7,113,1,1.0,0.0045662100456621
15,7,115,5,0.8,0.0228310502283105
15,7,118,1,1.0,0.0045662100456621
15,7,122,1,1.0,0.0045662100456621
15,7,126,8,0.75,0.0365296803652968
15,7,128,8,0.625,0.0365296803652968
15,7,129,9,0.6666666666666666,0.0410958904109589
15,7,132,2,0.5,0.0091324200913242
15,7,136,34,0.7058823529411765,0.1552511415525114
15,7,138,1,1.0,0.0045662100456621
15,7,140,5,0.6,0.0228310502283105
15,7,144,3,0.6666666666666666,0.0136986301369863
15,7,147,1,0.0,0.0045662100456621
15,7,150,4,0.75,0.0182648401826484
15,7,153,9,0.5555555555555556,0.0410958904109589
15,7,154,1,0.0,0.0045662100456621
15,7,156,1,0.0,0.0045662100456621
15,7,161,1,1.0,0.0045662100456621
15,7,163,1,1.0,0.0045662100456621
15,8,5,2,1.0,0.03076923076923077
15,8,11,15,0.4666666666666667,0.23076923076923078
15,8,37,13,0.6153846153846154,0.2
15,8,50,1,0.0,0.015384615384615385
15,8,53,5,0.8,0.07692307692307693
15,8,82,2,0.5,0.03076923076923077
15,8,83,2,0.0,0.03076923076923077
15,8,95,1,0.0,0.015384615384615385
15,8,115,1,0.0,0.015384615384615385
15,8,123,1,1.0,0.015384615384615385
15,8,132,9,0.2222222222222222,0.13846153846153847
15,8,136,3,0.0,0.046153846153846156
15,8,152,9,0.3333333333333333,0.13846153846153847
15,8,155,1,1.0,0.015384615384615385
15,9,5,3,0.0,0.041666666666666664
15,9,10,6,0.3333333333333333,0.08333333333333333
15,9,37,3,0.3333333333333333,0.041666666666666664
15,9,52,3,1.0,0.041666666666666664
15,9,53,9,0.7777777777777778,0.125
15,9,68,1,0.0,0.013888888888888888
15,9,82,14,0.35714285714285715,0.19444444444444445
15,9,91,1,1.0,0.013888888888888888
15,9,102,1,0.0,0.013888888888888888
15,9,125,2,0.5,0.027777777777777776
15,9,137,1,0.0,0.013888888888888888
15,9,152,14,0.42857142857142855,0.19444444444444445
15,9,155,3,0.3333333333333333,0.041666666666666664
15,9,156,6,0.5,0.08333333333333333
15,9,164,1,1.0,0.013888888888888888
15,9,165,4,0.75,0.05555555555555555
15,10,0,1,0.0,0.0007220216606498195
15,10,1,8,0.375,0.005776173285198556
15,10,2,24,0.5,0.017328519855595668
15,10,3,6,0.3333333333333333,0.004332129963898917
15,10,4,6,0.3333333333333333,0.004332129963898917
15,10,5,9,0.2222222222222222,0.006498194945848376
15,10,6,3,0.3333333333333333,0.0021660649819494585
15,10,8,4,0.5,0.002888086642599278
15,10,10,2,0.5,0.001444043321299639
15,10,11,13,0.6153846153846154,0.009386281588447653
15,10,12,10,0.4,0.007220216606498195
15,10,13,5,0.0,0.0036101083032490976
15,10,16,3,0.3333333333333333,0.0021660649819494585
15,10,18,1,0.0,0.0007220216606498195
15,10,20,10,0.6,0.007220216606498195
15,10,21,5,0.4,0.0036101083032490976
15,10,24,1,0.0,0.0007220216606498195
15,10,25,8,0.5,0.005776173285198556
15,10,28,2,0.5,0.001444043321299639
15,10,29,4,0.0,0.002888086642599278
15,10,31,6,0.3333333333333333,0.004332129963898917
15,10,32,33,0.42424242424242425,0.023826714801444042
15,10,33,3,0.3333333333333333,0.0021660649819494585
15,10,34,2,0.5,0.001444043321299639
15,10,35,1,1.0,0.0007220216606498195
15,10,36,1,0.0,0.0007220216606498195
15,10,37,17,0.4117647058823529,0.01227436823104693
15,10,38,3,0.3333333333333333,0.0021660649819494585
15,10,40,3,0.6666666666666666,0.0021660649819494585
15,10,41,1,1.0,0.0007220216606498195
15,10,42,4,0.5,0.002888086642599278
15,10,46,13,0.23076923076923078,0.009386281588447653
15,10,47,3,0.6666666666666666,0.0021660649819494585
15,10,49,4,0.75,0.002888086642599278
15,10,50,10,0.6,0.007220216606498195
15,10,52,3,0.0,0.0021660649819494585
15,10,53,4,0.5,0.002888086642599278
15,10,54,1,1.0,0.0007220216606498195
15,10,55,5,0.0,0.0036101083032490976
15,10,56,14,0.2857142857142857,0.010108303249097473
15,10,57,3,0.3333333333333333,0.0021660649819494585
15,10,58,3,0.3333333333333333,0.0021660649819494585
15,10,60,1,0.0,0.0007220216606498195
15,10,61,1,0.0,0.0007220216606498195
15,10,62,2,1.0,0.001444043321299639
15,10,63,1,1.0,0.0007220216606498195
15,10,64,36,0.3611111111111111,0.025992779783393503
15,10,69,7,0.0,0.005054151624548736
15,10,70,15,0.4,0.010830324909747292
15,10,71,2,0.5,0.001444043321299639
15,10,72,25,0.24,0.018050541516245487
15,10,73,11,0.2727272727272727,0.007942238267148015
15,10,75,11,0.36363636363636365,0.007942238267148015
15,10,76,6,0.3333333333333333,0.004332129963898917
15,10,77,2,0.5,0.001444043321299639
15,10,78,1,0.0,0.0007220216606498195
15,10,79,8,0.375,0.005776173285198556
15,10,80,5,0.2,0.0036101083032490976
15,10,81,3,0.3333333333333333,0.0021660649819494585
15,10,82,63,0.6666666666666666,0.04548736462093863
15,10,83,2,0.5,0.001444043321299639
15,10,84,2,0.5,0.001444043321299639
15,10,85,10,0.4,0.007220216606498195
15,10,86,3,0.0,0.0021660649819494585
15,10,87,3,0.3333333333333333,0.0021660649819494585
15,10,89,13,0.38461538461538464,0.009386281588447653
15,10,90,8,0.25,0.005776173285198556
15,10,91,1,0.0,0.0007220216606498195
15,10,92,3,0.0,0.0021660649819494585
15,10,93,6,0.8333333333333334,0.004332129963898917
15,10,95,1,0.0,0.0007220216606498195
15,10,96,58,0.3448275862068966,0.04187725631768953
15,10,98,9,0.2222222222222222,0.006498194945848376
15,10,100,6,0.3333333333333333,0.004332129963898917
15,10,101,37,0.5405405405405406,0.026714801444043323
15,10,102,3,0.0,0.0021660649819494585
15,10,103,1,1.0,0.0007220216606498195
15,10,104,3,0.6666666666666666,0.0021660649819494585
15,10,105,29,0.41379310344827586,0.020938628158844765
15,10,106,24,0.625,0.017328519855595668
15,10,107,7,0.2857142857142857,0.005054151624548736
15,10,109,2,0.5,0.001444043321299639
15,10,110,3,0.6666666666666666,0.0021660649819494585
15,10,111,13,0.6153846153846154,0.009386281588447653
15,10,112,11,0.45454545454545453,0.007942238267148015
15,10,113,6,0.3333333333333333,0.004332129963898917
15,10,114,3,0.3333333333333333,0.0021660649819494585
15,10,115,17,0.5294117647058824,0.01227436823104693
15,10,116,12,0.25,0.008664259927797834
15,10,117,1,0.0,0.0007220216606498195
15,10,118,7,0.42857142857142855,0.005054151624548736
15,10,119,2,0.5,0.001444043321299639
15,10,121,2,0.0,0.001444043321299639
15,10,122,12,0.25,0.008664259927797834
15,10,123,5,0.4,0.0036101083032490976
15,10,124,10,0.3,0.007220216606498195
15,10,126,8,0.25,0.005776173285198556
15,10,127,3,0.6666666666666666,0.0021660649819494585
15,10,128,45,0.5333333333333333,0.032490974729241874
15,10,129,16,0.5,0.011552346570397111
15,10,130,2,0.5,0.001444043321299639
15,10,132,13,0.6923076923076923,0.009386281588447653
15,10,134,3,0.0,0.0021660649819494585
15,10,136,107,0.4485981308411215,0.07725631768953069
15,10,137,7,0.2857142857142857,0.005054151624548736
15,10,138,8,0.5,0.005776173285198556
15,10,139,7,0.5714285714285714,0.005054151624548736
15,10,140,8,0.625,0.005776173285198556
15,10,141,6,0.5,0.004332129963898917
15,10,142,1,0.0,0.0007220216606498195
15,10,143,7,0.42857142857142855,0.005054151624548736
15,10,144,54,0.2962962962962963,0.03898916967509025
15,10,145,5,1.0,0.0036101083032490976
15,10,146,38,0.42105263157894735,0.027436823104693142
15,10,147,4,0.5,0.002888086642599278
15,10,148,19,0.3684210526315789,0.013718411552346571
15,10,149,7,0.5714285714285714,0.005054151624548736
15,10,150,25,0.24,0.018050541516245487
15,10,151,7,0.14285714285714285,0.005054151624548736
15,10,152,10,0.6,0.007220216606498195
15,10,153,22,0.5,0.01588447653429603
15,10,154,3,0.3333333333333333,0.0021660649819494585
15,10,155,92,0.42391304347826086,0.0664259927797834
15,10,156,25,0.36,0.018050541516245487
15,10,157,6,0.5,0.004332129963898917
15,10,158,3,0.6666666666666666,0.0021660649819494585
15,10,159,2,1.0,0.001444043321299639
15,10,160,18,0.4444444444444444,0.012996389891696752
15,10,161,1,1.0,0.0007220216606498195
15,10,163,5,0.8,0.0036101083032490976
15,10,164,1,0.0,0.0007220216606498195
15,11,0,3,0.3333333333333333,0.005067567567567568
15,11,2,1,1.0,0.0016891891891891893
15,11,3,1,0.0,0.0016891891891891893
15,11,8,4,0.5,0.006756756756756757
15,11,11,1,1.0,0.0016891891891891893
15,11,12,1,1.0,0.0016891891891891893
15,11,13,9,0.4444444444444444,0.015202702702702704
15,11,16,3,0.6666666666666666,0.005067567567567568
15,11,20,5,0.4,0.008445945945945946
15,11,21,8,0.5,0.013513513513513514
15,11,29,2,0.5,0.0033783783783783786
15,11,31,2,0.0,0.0033783783783783786
15,11,32,3,0.0,0.005067567567567568
15,11,33,5,0.0,0.008445945945945946
15,11,35,7,0.42857142857142855,0.011824324324324325
15,11,36,5,1.0,0.008445945945945946
15,11,37,2,0.5,0.0033783783783783786
15,11,38,2,0.5,0.0033783783783783786
15,11,47,1,0.0,0.0016891891891891893
15,11,54,6,0.5,0.010135135135135136
15,11,55,2,1.0,0.0033783783783783786
15,11,57,3,0.6666666666666666,0.005067567567567568
15,11,58,1,1.0,0.0016891891891891893
15,11,61,1,0.0,0.0016891891891891893
15,11,62,3,0.3333333333333333,0.005067567567567568
15,11,64,16,0.625,0.02702702702702703
15,11,69,2,1.0,0.0033783783783783786
15,11,70,7,0.42857142857142855,0.011824324324324325
15,11,71,2,0.0,0.0033783783783783786
15,11,72,45,0.3111111111111111,0.07601351351351351
15,11,73,2,0.0,0.0033783783783783786
15,11,75,5,0.2,0.008445945945945946
15,11,76,1,1.0,0.0016891891891891893
15,11,80,7,0.7142857142857143,0.011824324324324325
15,11,81,1,0.0,0.0016891891891891893
15,11,83,1,0.0,0.0016891891891891893
15,11,86,6,0.3333333333333333,0.010135135135135136
15,11,87,1,0.0,0.0016891891891891893
15,11,90,6,0.0,0.010135135135135136
15,11,92,1,0.0,0.0016891891891891893
15,11,96,41,0.34146341463414637,0.06925675675675676
15,11,98,2,1.0,0.0033783783783783786
15,11,99,2,0.0,0.0033783783783783786
15,11,101,40,0.675,0.06756756756756757
15,11,102,2,0.0,0.0033783783783783786
15,11,103,6,0.5,0.010135135135135136
15,11,104,1,1.0,0.0016891891891891893
15,11,105,1,0.0,0.0016891891891891893
15,11,106,7,0.7142857142857143,0.011824324324324325
15,11,107,1,0.0,0.0016891891891891893
15,11,109,5,0.4,0.008445945945945946
15,11,110,4,0.5,0.006756756756756757
15,11,111,26,0.7692307692307693,0.04391891891891892
15,11,115,28,0.6428571428571429,0.0472972972972973
15,11,117,4,0.25,0.006756756756756757
15,11,118,2,1.0,0.0033783783783783786
15,11,121,1,0.0,0.0016891891891891893
15,11,122,19,0.3684210526315789,0.03209459459459459
15,11,124,1,0.0,0.0016891891891891893
15,11,126,5,0.0,0.008445945945945946
15,11,128,53,0.49056603773584906,0.08952702702702703
15,11,129,16,0.5625,0.02702702702702703
15,11,132,9,0.2222222222222222,0.015202702702702704
15,11,134,1,0.0,0.0016891891891891893
15,11,136,32,0.375,0.05405405405405406
15,11,137,7,0.5714285714285714,0.011824324324324325
15,11,138,4,0.5,0.006756756756756757
15,11,140,1,1.0,0.0016891891891891893
15,11,141,2,0.5,0.0033783783783783786
15,11,143,1,1.0,0.0016891891891891893
15,11,144,29,0.6896551724137931,0.048986486486486486
15,11,146,1,0.0,0.0016891891891891893
15,11,147,1,0.0,0.0016891891891891893
15,11,148,13,0.46153846153846156,0.02195945945945946
15,11,149,1,1.0,0.0016891891891891893
15,11,150,9,0.6666666666666666,0.015202702702702704
15,11,151,7,0.5714285714285714,0.011824324324324325
15,11,153,7,0.5714285714285714,0.011824324324324325
15,11,157,6,0.5,0.010135135135135136
15,11,158,1,0.0,0.0016891891891891893
15,11,160,2,0.5,0.0033783783783783786
15,11,161,2,0.5,0.0033783783783783786
15,11,162,1,0.0,0.0016891891891891893
15,11,163,4,0.0,0.006756756756756757
15,12,11,60,0.5166666666666667,0.17543859649122806
15,12,15,4,0.0,0.011695906432748537
15,12,37,38,0.47368421052631576,0.1111111111111111
15,12,42,2,0.5,0.005847953216374269
15,12,49,6,0.16666666666666666,0.017543859649122806
15,12,56,14,0.5714285714285714,0.04093567251461988
15,12,60,1,0.0,0.0029239766081871343
15,12,68,12,0.3333333333333333,0.03508771929824561
15,12,78,2,1.0,0.005847953216374269
15,12,82,54,0.5925925925925926,0.15789473684210525
15,12,84,2,1.0,0.005847953216374269
15,12,91,17,0.5294117647058824,0.049707602339181284
15,12,102,17,0.5294117647058824,0.049707602339181284
15,12,105,1,1.0,0.0029239766081871343
15,12,127,8,0.5,0.023391812865497075
15,12,128,1,1.0,0.0029239766081871343
15,12,139,12,0.3333333333333333,0.03508771929824561
15,12,152,1,0.0,0.0029239766081871343
15,12,155,65,0.49230769230769234,0.19005847953216373
15,12,156,11,0.0,0.03216374269005848
15,12,160,2,0.0,0.005847953216374269
15,12,164,12,0.16666666666666666,0.03508771929824561
15,13,0,1,0.0,0.0013717421124828531
15,13,1,5,0.2,0.006858710562414266
15,13,2,5,0.2,0.006858710562414266
15,13,3,2,0.5,0.0027434842249657062
15,13,4,1,1.0,0.0013717421124828531
15,13,5,1,0.0,0.0013717421124828531
15,13,6,4,0.5,0.0054869684499314125
15,13,8,13,0.38461538461538464,0.01783264746227709
15,13,10,1,0.0,0.0013717421124828531
15,13,11,8,0.375,0.010973936899862825
15,13,12,2,0.5,0.0027434842249657062
15,13,13,10,0.2,0.013717421124828532
15,13,18,7,0.14285714285714285,0.009602194787379973
15,13,20,3,0.3333333333333333,0.00411522633744856
15,13,21,7,0.14285714285714285,0.009602194787379973
15,13,23,2,0.5,0.0027434842249657062
15,13,24,3,0.6666666666666666,0.00411522633744856
15,13,25,6,0.5,0.00823045267489712
15,13,29,1,1.0,0.0013717421124828531
15,13,31,5,0.6,0.006858710562414266
15,13,36,4,0.5,0.0054869684499314125
15,13,37,4,0.5,0.0054869684499314125
15,13,38,3,0.0,0.00411522633744856
15,13,40,1,0.0,0.0013717421124828531
15,13,42,4,0.0,0.0054869684499314125
15,13,47,10,0.4,0.013717421124828532
15,13,50,4,0.75,0.0054869684499314125
15,13,53,1,1.0,0.0013717421124828531
15,13,54,1,1.0,0.0013717421124828531
15,13,55,10,0.2,0.013717421124828532
15,13,58,2,0.0,0.0027434842249657062
15,13,61,4,0.25,0.0054869684499314125
15,13,62,1,0.0,0.0013717421124828531
15,13,64,25,0.36,0.03429355281207133
15,13,68,1,0.0,0.0013717421124828531
15,13,69,1,1.0,0.0013717421124828531
15,13,70,8,0.25,0.010973936899862825
15,13,71,3,0.0,0.00411522633744856
15,13,72,25,0.24,0.03429355281207133
15,13,73,1,0.0,0.0013717421124828531
15,13,76,6,0.3333333333333333,0.00823045267489712
15,13,79,1,0.0,0.0013717421124828531
15,13,80,4,0.5,0.0054869684499314125
15,13,81,8,0.375,0.010973936899862825
15,13,82,1,0.0,0.0013717421124828531
15,13,83,2,0.0,0.0027434842249657062
15,13,85,1,0.0,0.0013717421124828531
15,13,86,7,0.14285714285714285,0.009602194787379973
15,13,87,2,0.0,0.0027434842249657062
15,13,90,7,0.14285714285714285,0.009602194787379973
15,13,91,1,0.0,0.0013717421124828531
15,13,93,6,0.16666666666666666,0.00823045267489712
15,13,96,29,0.27586206896551724,0.039780521262002745
15,13,98,3,0.3333333333333333,0.00411522633744856
15,13,99,1,1.0,0.0013717421124828531
15,13,100,2,0.5,0.0027434842249657062
15,13,101,50,0.28,0.06858710562414266
15,13,104,3,0.3333333333333333,0.00411522633744856
15,13,106,37,0.35135135135135137,0.05075445816186557
15,13,107,4,0.0,0.0054869684499314125
15,13,108,1,0.0,0.0013717421124828531
15,13,110,2,0.0,0.0027434842249657062
15,13,111,5,0.4,0.006858710562414266
15,13,112,11,0.36363636363636365,0.015089163237311385
15,13,113,2,0.0,0.0027434842249657062
15,13,115,17,0.35294117647058826,0.023319615912208505
15,13,116,7,0.5714285714285714,0.009602194787379973
15,13,117,5,0.2,0.006858710562414266
15,13,118,12,0.9166666666666666,0.01646090534979424
15,13,119,1,1.0,0.0013717421124828531
15,13,122,9,0.4444444444444444,0.012345679012345678
15,13,123,5,0.2,0.006858710562414266
15,13,126,3,0.0,0.00411522633744856
15,13,128,8,0.25,0.010973936899862825
15,13,129,17,0.35294117647058826,0.023319615912208505
15,13,130,3,0.0,0.00411522633744856
15,13,132,14,0.2857142857142857,0.019204389574759947
15,13,134,7,0.0,0.009602194787379973
15,13,136,55,0.4,0.07544581618655692
15,13,137,1,1.0,0.0013717421124828531
15,13,138,11,0.09090909090909091,0.015089163237311385
15,13,140,4,0.75,0.0054869684499314125
15,13,143,6,0.3333333333333333,0.00823045267489712
15,13,144,23,0.30434782608695654,0.03155006858710562
15,13,147,7,0.14285714285714285,0.009602194787379973
15,13,148,3,0.0,0.00411522633744856
15,13,149,2,0.5,0.0027434842249657062
15,13,150,22,0.3181818181818182,0.03017832647462277
15,13,152,6,0.16666666666666666,0.00823045267489712
15,13,153,45,0.35555555555555557,0.06172839506172839
15,13,155,2,0.5,0.0027434842249657062
15,13,157,13,0.46153846153846156,0.01783264746227709
15,13,158,1,0.0,0.0013717421124828531
15,13,159,14,0.35714285714285715,0.019204389574759947
15,13,160,1,0.0,0.0013717421124828531
15,13,161,1,0.0,0.0013717421124828531
15,13,162,7,0.42857142857142855,0.009602194787379973
15,13,163,1,0.0,0.0013717421124828531
15,14,4,1,0.0,0.09090909090909091
15,14,6,1,0.0,0.09090909090909091
15,14,11,2,0.5,0.18181818181818182
15,14,62,1,0.0,0.09090909090909091
15,14,84,1,0.0,0.09090909090909091
15,14,96,2,0.5,0.18181818181818182
15,14,123,1,1.0,0.09090909090909091
15,14,136,1,0.0,0.09090909090909091
15,14,152,1,0.0,0.09090909090909091
16,1,1,3,0.0,0.00423728813559322
16,1,3,10,0.2,0.014124293785310734
16,1,8,4,0.5,0.005649717514124294
16,1,12,1,0.0,0.0014124293785310734
16,1,16,2,1.0,0.002824858757062147
16,1,17,3,0.0,0.00423728813559322
16,1,20,1,1.0,0.0014124293785310734
16,1,21,126,0.5158730158730159,0.17796610169491525
16,1,24,1,0.0,0.0014124293785310734
16,1,29,1,1.0,0.0014124293785310734
16,1,34,1,0.0,0.0014124293785310734
16,1,38,7,0.42857142857142855,0.009887005649717515
16,1,41,3,0.3333333333333333,0.00423728813559322
16,1,42,1,1.0,0.0014124293785310734
16,1,46,3,0.6666666666666666,0.00423728813559322
16,1,47,5,0.0,0.007062146892655367
16,1,48,3,0.6666666666666666,0.00423728813559322
16,1,50,9,0.2222222222222222,0.012711864406779662
16,1,53,2,1.0,0.002824858757062147
16,1,54,2,0.5,0.002824858757062147
16,1,57,42,0.6190476190476191,0.059322033898305086
16,1,61,2,0.5,0.002824858757062147
16,1,64,27,0.5925925925925926,0.038135593220338986
16,1,68,1,1.0,0.0014124293785310734
16,1,69,26,0.23076923076923078,0.03672316384180791
16,1,70,5,0.6,0.007062146892655367
16,1,73,18,0.3333333333333333,0.025423728813559324
16,1,76,8,0.75,0.011299435028248588
16,1,77,3,0.6666666666666666,0.00423728813559322
16,1,80,2,1.0,0.002824858757062147
16,1,81,5,0.8,0.007062146892655367
16,1,87,3,0.3333333333333333,0.00423728813559322
16,1,89,8,0.5,0.011299435028248588
16,1,90,5,0.6,0.007062146892655367
16,1,92,17,0.6470588235294118,0.02401129943502825
16,1,95,9,0.5555555555555556,0.012711864406779662
16,1,96,39,0.5641025641025641,0.05508474576271186
16,1,99,3,0.3333333333333333,0.00423728813559322
16,1,100,18,0.5,0.025423728813559324
16,1,101,5,0.6,0.007062146892655367
16,1,107,14,0.5,0.01977401129943503
16,1,109,18,0.6666666666666666,0.025423728813559324
16,1,110,11,0.45454545454545453,0.015536723163841809
16,1,111,7,0.42857142857142855,0.009887005649717515
16,1,112,10,0.6,0.014124293785310734
16,1,113,16,0.6875,0.022598870056497175
16,1,114,1,0.0,0.0014124293785310734
16,1,115,11,0.36363636363636365,0.015536723163841809
16,1,118,1,1.0,0.0014124293785310734
16,1,122,3,0.6666666666666666,0.00423728813559322
16,1,128,15,0.4,0.0211864406779661
16,1,129,15,0.5333333333333333,0.0211864406779661
16,1,130,11,0.2727272727272727,0.015536723163841809
16,1,132,3,0.3333333333333333,0.00423728813559322
16,1,136,53,0.49056603773584906,0.0748587570621469
16,1,138,6,0.5,0.00847457627118644
16,1,140,2,0.5,0.002824858757062147
16,1,142,4,0.5,0.005649717514124294
16,1,144,7,0.42857142857142855,0.009887005649717515
16,1,145,2,0.0,0.002824858757062147
16,1,148,15,0.7333333333333333,0.0211864406779661
16,1,150,9,0.1111111111111111,0.012711864406779662
16,1,151,2,0.0,0.002824858757062147
16,1,152,1,1.0,0.0014124293785310734
16,1,153,14,0.42857142857142855,0.01977401129943503
16,1,154,5,0.0,0.007062146892655367
16,1,156,2,0.5,0.002824858757062147
16,1,158,8,0.375,0.011299435028248588
16,1,161,7,0.42857142857142855,0.009887005649717515
16,1,163,1,1.0,0.0014124293785310734
16,2,3,1,1.0,0.007246376811594203
16,2,8,3,0.3333333333333333,0.021739130434782608
16,2,17,10,0.5,0.07246376811594203
16,2,20,1,0.0,0.007246376811594203
16,2,21,5,0.8,0.036231884057971016
16,2,47,5,0.8,0.036231884057971016
16,2,57,2,0.5,0.014492753623188406
16,2,58,1,0.0,0.007246376811594203
16,2,64,3,0.0,0.021739130434782608
16,2,69,2,0.5,0.014492753623188406
16,2,70,1,0.0,0.007246376811594203
16,2,71,1,1.0,0.007246376811594203
16,2,72,1,1.0,0.007246376811594203
16,2,76,1,0.0,0.007246376811594203
16,2,81,5,0.0,0.036231884057971016
16,2,85,1,0.0,0.007246376811594203
16,2,87,1,0.0,0.007246376811594203
16,2,92,14,0.35714285714285715,0.10144927536231885
16,2,96,3,1.0,0.021739130434782608
16,2,101,5,0.4,0.036231884057971016
16,2,111,1,0.0,0.007246376811594203
16,2,112,3,0.6666666666666666,0.021739130434782608
16,2,113,4,0.5,0.028985507246376812
16,2,115,1,1.0,0.007246376811594203
16,2,122,4,0.5,0.028985507246376812
16,2,123,1,0.0,0.007246376811594203
16,2,126,1,1.0,0.007246376811594203
16,2,128,1,1.0,0.007246376811594203
16,2,129,4,0.5,0.028985507246376812
16,2,136,23,0.34782608695652173,0.16666666666666666
16,2,142,2,1.0,0.014492753623188406
16,2,144,2,0.5,0.014492753623188406
16,2,148,9,0.5555555555555556,0.06521739130434782
16,2,149,2,0.0,0.014492753623188406
16,2,150,3,0.0,0.021739130434782608
16,2,153,8,0.5,0.057971014492753624
16,2,158,3,0.6666666666666666,0.021739130434782608
16,3,20,1,1.0,0.015873015873015872
16,3,21,34,0.6176470588235294,0.5396825396825397
16,3,41,1,1.0,0.015873015873015872
16,3,50,1,1.0,0.015873015873015872
16,3,53,5,0.6,0.07936507936507936
16,3,57,1,1.0,0.015873015873015872
16,3,64,2,0.5,0.031746031746031744
16,3,73,1,0.0,0.015873015873015872
16,3,81,1,1.0,0.015873015873015872
16,3,89,1,0.0,0.015873015873015872
16,3,95,1,1.0,0.015873015873015872
16,3,96,2,0.5,0.031746031746031744
16,3,100,2,1.0,0.031746031746031744
16,3,101,2,1.0,0.031746031746031744
16,3,112,1,0.0,0.015873015873015872
16,3,114,1,1.0,0.015873015873015872
16,3,115,1,0.0,0.015873015873015872
16,3,130,1,0.0,0.015873015873015872
16,3,142,1,1.0,0.015873015873015872
16,3,144,1,0.0,0.015873015873015872
16,3,145,1,0.0,0.015873015873015872
16,3,153,1,0.0,0.015873015873015872
16,4,50,1,0.0,0.047619047619047616
16,4,69,2,0.5,0.09523809523809523
16,4,70,1,1.0,0.047619047619047616
16,4,73,3,0.0,0.14285714285714285
16,4,81,1,1.0,0.047619047619047616
16,4,92,1,0.0,0.047619047619047616
16,4,96,2,0.5,0.09523809523809523
16,4,101,2,1.0,0.09523809523809523
16,4,113,1,1.0,0.047619047619047616
16,4,129,2,0.5,0.09523809523809523
16,4,136,3,0.6666666666666666,0.14285714285714285
16,4,140,1,0.0,0.047619047619047616
16,4,153,1,0.0,0.047619047619047616
16,5,3,1,1.0,0.006944444444444444
16,5,8,1,0.0,0.006944444444444444
16,5,21,24,0.625,0.16666666666666666
16,5,38,3,0.3333333333333333,0.020833333333333332
16,5,42,1,0.0,0.006944444444444444
16,5,46,2,0.5,0.013888888888888888
16,5,53,2,1.0,0.013888888888888888
16,5,57,21,0.38095238095238093,0.14583333333333334
16,5,62,1,0.0,0.006944444444444444
16,5,69,14,0.2857142857142857,0.09722222222222222
16,5,70,5,0.4,0.034722222222222224
16,5,73,4,0.0,0.027777777777777776
16,5,76,5,0.0,0.034722222222222224
16,5,79,1,1.0,0.006944444444444444
16,5,80,1,0.0,0.006944444444444444
16,5,81,2,0.5,0.013888888888888888
16,5,89,1,1.0,0.006944444444444444
16,5,90,2,0.5,0.013888888888888888
16,5,92,3,0.6666666666666666,0.020833333333333332
16,5,96,2,1.0,0.013888888888888888
16,5,99,2,0.5,0.013888888888888888
16,5,101,4,0.75,0.027777777777777776
16,5,109,9,0.3333333333333333,0.0625
16,5,110,2,0.0,0.013888888888888888
16,5,111,2,1.0,0.013888888888888888
16,5,112,1,1.0,0.006944444444444444
16,5,113,1,0.0,0.006944444444444444
16,5,115,5,0.6,0.034722222222222224
16,5,122,1,0.0,0.006944444444444444
16,5,128,2,0.0,0.013888888888888888
16,5,129,1,0.0,0.006944444444444444
16,5,136,12,0.5,0.08333333333333333
16,5,140,1,0.0,0.006944444444444444
16,5,145,2,0.0,0.013888888888888888
16,5,152,1,1.0,0.006944444444444444
16,5,155,2,0.0,0.013888888888888888
16,6,3,2,0.0,0.008547008547008548
16,6,8,4,0.25,0.017094017094017096
16,6,16,4,0.25,0.017094017094017096
16,6,17,4,0.25,0.017094017094017096
16,6,21,96,0.4583333333333333,0.41025641025641024
16,6,35,1,0.0,0.004273504273504274
16,6,46,1,0.0,0.004273504273504274
16,6,50,6,0.16666666666666666,0.02564102564102564
16,6,53,3,0.6666666666666666,0.01282051282051282
16,6,57,2,1.0,0.008547008547008548
16,6,58,3,0.3333333333333333,0.01282051282051282
16,6,61,1,0.0,0.004273504273504274
16,6,64,5,0.8,0.021367521367521368
16,6,69,6,0.3333333333333333,0.02564102564102564
16,6,70,3,0.0,0.01282051282051282
16,6,71,1,0.0,0.004273504273504274
16,6,73,6,1.0,0.02564102564102564
16,6,76,10,0.4,0.042735042735042736
16,6,80,1,0.0,0.004273504273504274
16,6,81,1,1.0,0.004273504273504274
16,6,89,1,0.0,0.004273504273504274
16,6,90,1,1.0,0.004273504273504274
16,6,92,8,0.25,0.03418803418803419
16,6,96,3,0.3333333333333333,0.01282051282051282
16,6,100,4,0.75,0.017094017094017096
16,6,101,5,0.4,0.021367521367521368
16,6,110,3,0.3333333333333333,0.01282051282051282
16,6,112,1,1.0,0.004273504273504274
16,6,113,4,0.5,0.017094017094017096
16,6,115,3,0.3333333333333333,0.01282051282051282
16,6,118,1,1.0,0.004273504273504274
16,6,122,2,0.0,0.008547008547008548
16,6,126,3,0.0,0.01282051282051282
16,6,128,3,0.0,0.01282051282051282
16,6,129,1,0.0,0.004273504273504274
16,6,130,1,0.0,0.004273504273504274
16,6,136,9,0.4444444444444444,0.038461538461538464
16,6,138,3,0.6666666666666666,0.01282051282051282
16,6,142,1,1.0,0.004273504273504274
16,6,145,4,0.75,0.017094017094017096
16,6,148,1,0.0,0.004273504273504274
16,6,150,6,0.5,0.02564102564102564
16,6,152,2,1.0,0.008547008547008548
16,6,154,1,0.0,0.004273504273504274
16,6,155,1,1.0,0.004273504273504274
16,6,158,2,0.5,0.008547008547008548
16,7,17,1,1.0,0.012658227848101266
16,7,21,13,0.5384615384615384,0.16455696202531644
16,7,28,1,0.0,0.012658227848101266
16,7,47,1,1.0,0.012658227848101266
16,7,69,4,0.5,0.05063291139240506
16,7,73,1,0.0,0.012658227848101266
16,7,76,14,0.2857142857142857,0.17721518987341772
16,7,96,1,1.0,0.012658227848101266
16,7,99,1,1.0,0.012658227848101266
16,7,100,18,0.5,0.22784810126582278
16,7,101,1,0.0,0.012658227848101266
16,7,107,2,1.0,0.02531645569620253
16,7,109,2,0.0,0.02531645569620253
16,7,112,1,1.0,0.012658227848101266
16,7,113,2,1.0,0.02531645569620253
16,7,115,2,0.5,0.02531645569620253
16,7,122,1,1.0,0.012658227848101266
16,7,128,1,1.0,0.012658227848101266
16,7,129,1,1.0,0.012658227848101266
16,7,130,1,1.0,0.012658227848101266
16,7,136,3,1.0,0.0379746835443038
16,7,144,2,0.5,0.02531645569620253
16,7,153,3,0.6666666666666666,0.0379746835443038
16,7,154,2,0.5,0.02531645569620253
16,8,21,1,0.0,0.1
16,8,50,2,0.5,0.2
16,8,53,2,0.0,0.2
16,8,83,1,0.0,0.1
16,8,101,1,1.0,0.1
16,8,115,1,0.0,0.1
16,8,152,1,1.0,0.1
16,8,156,1,0.0,0.1
16,9,21,4,0.75,0.36363636363636365
16,9,53,2,0.0,0.18181818181818182
16,9,152,3,0.6666666666666666,0.2727272727272727
16,9,155,1,1.0,0.09090909090909091
16,9,156,1,1.0,0.09090909090909091
16,10,1,1,1.0,0.005263157894736842
16,10,3,1,0.0,0.005263157894736842
16,10,8,1,1.0,0.005263157894736842
16,10,12,1,1.0,0.005263157894736842
16,10,16,1,0.0,0.005263157894736842
16,10,21,35,0.4857142857142857,0.18421052631578946
16,10,32,2,0.0,0.010526315789473684
16,10,47,2,0.5,0.010526315789473684
16,10,50,4,0.75,0.021052631578947368
16,10,53,1,1.0,0.005263157894736842
16,10,54,1,0.0,0.005263157894736842
16,10,57,5,1.0,0.02631578947368421
16,10,64,7,0.8571428571428571,0.03684210526315789
16,10,69,7,0.42857142857142855,0.03684210526315789
16,10,70,2,1.0,0.010526315789473684
16,10,72,1,0.0,0.005263157894736842
16,10,73,16,0.5,0.08421052631578947
16,10,76,11,0.2727272727272727,0.05789473684210526
16,10,79,1,1.0,0.005263157894736842
16,10,81,2,0.0,0.010526315789473684
16,10,85,1,0.0,0.005263157894736842
16,10,89,1,0.0,0.005263157894736842
16,10,90,1,0.0,0.005263157894736842
16,10,92,2,0.5,0.010526315789473684
16,10,95,3,0.0,0.015789473684210527
16,10,96,3,0.3333333333333333,0.015789473684210527
16,10,99,1,1.0,0.005263157894736842
16,10,100,4,0.5,0.021052631578947368
16,10,101,6,0.6666666666666666,0.031578947368421054
16,10,107,3,0.6666666666666666,0.015789473684210527
16,10,109,1,1.0,0.005263157894736842
16,10,110,3,0.3333333333333333,0.015789473684210527
16,10,112,3,0.3333333333333333,0.015789473684210527
16,10,113,2,1.0,0.010526315789473684
16,10,114,4,1.0,0.021052631578947368
16,10,115,1,0.0,0.005263157894736842
16,10,122,3,0.3333333333333333,0.015789473684210527
16,10,128,1,0.0,0.005263157894736842
16,10,129,1,1.0,0.005263157894736842
16,10,132,1,1.0,0.005263157894736842
16,10,136,6,0.3333333333333333,0.031578947368421054
16,10,142,2,1.0,0.010526315789473684
16,10,144,3,0.6666666666666666,0.015789473684210527
16,10,145,1,1.0,0.005263157894736842
16,10,146,4,0.25,0.021052631578947368
16,10,147,1,0.0,0.005263157894736842
16,10,148,9,0.5555555555555556,0.04736842105263158
16,10,150,3,0.6666666666666666,0.015789473684210527
16,10,153,6,0.16666666666666666,0.031578947368421054
16,10,154,3,0.3333333333333333,0.015789473684210527
16,10,155,2,0.5,0.010526315789473684
16,10,156,1,1.0,0.005263157894736842
16,10,163,2,0.0,0.010526315789473684
16,11,3,1,0.0,0.01282051282051282
16,11,8,3,0.3333333333333333,0.038461538461538464
16,11,16,1,0.0,0.01282051282051282
16,11,21,14,0.5714285714285714,0.1794871794871795
16,11,29,1,0.0,0.01282051282051282
16,11,32,2,0.5,0.02564102564102564
16,11,36,1,0.0,0.01282051282051282
16,11,46,1,0.0,0.01282051282051282
16,11,48,2,0.0,0.02564102564102564
16,11,57,2,0.5,0.02564102564102564
16,11,62,2,1.0,0.02564102564102564
16,11,64,2,0.5,0.02564102564102564
16,11,69,1,1.0,0.01282051282051282
16,11,70,1,0.0,0.01282051282051282
16,11,73,2,0.0,0.02564102564102564
16,11,76,3,0.6666666666666666,0.038461538461538464
16,11,80,2,1.0,0.02564102564102564
16,11,90,4,0.5,0.05128205128205128
16,11,92,3,0.0,0.038461538461538464
16,11,96,2,1.0,0.02564102564102564
16,11,99,1,0.0,0.01282051282051282
16,11,100,1,0.0,0.01282051282051282
16,11,110,3,0.3333333333333333,0.038461538461538464
16,11,113,1,1.0,0.01282051282051282
16,11,115,3,0.6666666666666666,0.038461538461538464
16,11,118,1,0.0,0.01282051282051282
16,11,128,2,0.5,0.02564102564102564
16,11,129,4,0.75,0.05128205128205128
16,11,130,1,0.0,0.01282051282051282
16,11,136,4,0.25,0.05128205128205128
16,11,144,1,1.0,0.01282051282051282
16,11,149,1,0.0,0.01282051282051282
16,11,151,1,0.0,0.01282051282051282
16,11,153,2,0.5,0.02564102564102564
16,11,158,1,0.0,0.01282051282051282
16,11,163,1,0.0,0.01282051282051282
16,12,15,1,0.0,0.06666666666666667
16,12,21,1,1.0,0.06666666666666667
16,12,68,2,0.0,0.13333333333333333
16,12,127,2,0.0,0.13333333333333333
16,12,155,7,0.42857142857142855,0.4666666666666667
16,12,156,2,0.0,0.13333333333333333
16,13,1,4,0.0,0.025477707006369428
16,13,3,1,0.0,0.006369426751592357
16,13,8,3,0.6666666666666666,0.01910828025477707
16,13,17,2,0.5,0.012738853503184714
16,13,20,1,0.0,0.006369426751592357
16,13,21,32,0.375,0.20382165605095542
16,13,24,1,0.0,0.006369426751592357
16,13,38,2,0.5,0.012738853503184714
16,13,46,1,0.0,0.006369426751592357
16,13,47,3,0.0,0.01910828025477707
16,13,53,1,0.0,0.006369426751592357
16,13,57,7,0.5714285714285714,0.044585987261146494
16,13,61,1,0.0,0.006369426751592357
16,13,64,7,0.42857142857142855,0.044585987261146494
16,13,68,1,0.0,0.006369426751592357
16,13,69,5,0.4,0.03184713375796178
16,13,70,2,0.0,0.012738853503184714
16,13,73,2,0.5,0.012738853503184714
16,13,76,15,0.3333333333333333,0.09554140127388536
16,13,81,1,0.0,0.006369426751592357
16,13,85,1,1.0,0.006369426751592357
16,13,92,1,0.0,0.006369426751592357
16,13,96,10,0.3,0.06369426751592357
16,13,99,2,0.0,0.012738853503184714
16,13,100,4,0.25,0.025477707006369428
16,13,101,1,0.0,0.006369426751592357
16,13,107,2,1.0,0.012738853503184714
16,13,109,1,0.0,0.006369426751592357
16,13,110,1,0.0,0.006369426751592357
16,13,112,5,0.4,0.03184713375796178
16,13,113,1,0.0,0.006369426751592357
16,13,115,5,0.0,0.03184713375796178
16,13,118,1,0.0,0.006369426751592357
16,13,122,1,1.0,0.006369426751592357
16,13,128,3,0.6666666666666666,0.01910828025477707
16,13,129,1,0.0,0.006369426751592357
16,13,136,7,0.14285714285714285,0.044585987261146494
16,13,142,3,0.3333333333333333,0.01910828025477707
16,13,143,1,0.0,0.006369426751592357
16,13,148,4,0.75,0.025477707006369428
16,13,150,2,0.5,0.012738853503184714
16,13,152,1,0.0,0.006369426751592357
16,13,153,5,0.6,0.03184713375796178
16,13,155,1,0.0,0.006369426751592357
16,13,160,1,0.0,0.006369426751592357
16,14,21,1,0.0,0.5
16,14,64,1,0.0,0.5
17,1,0,2,0.5,0.007434944237918215
17,1,3,1,0.0,0.0037174721189591076
17,1,5,1,0.0,0.0037174721189591076
17,1,6,1,1.0,0.0037174721189591076
17,1,13,6,0.3333333333333333,0.022304832713754646
17,1,15,5,0.4,0.01858736059479554
17,1,18,1,0.0,0.0037174721189591076
17,1,21,7,0.8571428571428571,0.026022304832713755
17,1,28,5,0.4,0.01858736059479554
17,1,31,1,1.0,0.0037174721189591076
17,1,32,1,0.0,0.0037174721189591076
17,1,34,9,0.3333333333333333,0.03345724907063197
17,1,35,2,0.5,0.007434944237918215
17,1,36,3,0.6666666666666666,0.011152416356877323
17,1,48,22,0.5909090909090909,0.08178438661710037
17,1,50,1,1.0,0.0037174721189591076
17,1,62,8,0.5,0.02973977695167286
17,1,63,6,0.6666666666666666,0.022304832713754646
17,1,64,43,0.6511627906976745,0.15985130111524162
17,1,69,1,0.0,0.0037174721189591076
17,1,72,5,0.8,0.01858736059479554
17,1,84,6,0.8333333333333334,0.022304832713754646
17,1,91,1,0.0,0.0037174721189591076
17,1,92,33,0.5151515151515151,0.12267657992565056
17,1,96,2,1.0,0.007434944237918215
17,1,98,6,0.3333333333333333,0.022304832713754646
17,1,101,24,0.4583333333333333,0.08921933085501858
17,1,107,6,0.6666666666666666,0.022304832713754646
17,1,113,1,1.0,0.0037174721189591076
17,1,121,1,0.0,0.0037174721189591076
17,1,122,1,1.0,0.0037174721189591076
17,1,126,1,0.0,0.0037174721189591076
17,1,130,1,1.0,0.0037174721189591076
17,1,132,1,0.0,0.0037174721189591076
17,1,136,1,1.0,0.0037174721189591076
17,1,140,1,1.0,0.0037174721189591076
17,1,144,14,0.5,0.05204460966542751
17,1,153,7,0.7142857142857143,0.026022304832713755
17,1,156,1,0.0,0.0037174721189591076
17,1,157,30,0.43333333333333335,0.11152416356877323
17,2,13,1,1.0,0.03333333333333333
17,2,18,1,0.0,0.03333333333333333
17,2,21,1,0.0,0.03333333333333333
17,2,28,2,0.0,0.06666666666666667
17,2,35,1,1.0,0.03333333333333333
17,2,62,2,0.5,0.06666666666666667
17,2,64,1,1.0,0.03333333333333333
17,2,72,1,1.0,0.03333333333333333
17,2,92,7,0.5714285714285714,0.23333333333333334
17,2,101,9,0.6666666666666666,0.3
17,2,107,1,0.0,0.03333333333333333
17,2,126,1,0.0,0.03333333333333333
17,2,136,1,0.0,0.03333333333333333
17,2,157,1,0.0,0.03333333333333333
17,3,18,4,0.0,0.19047619047619047
17,3,21,1,0.0,0.047619047619047616
17,3,32,1,1.0,0.047619047619047616
17,3,34,1,0.0,0.047619047619047616
17,3,48,5,0.6,0.23809523809523808
17,3,50,1,0.0,0.047619047619047616
17,3,64,3,0.6666666666666666,0.14285714285714285
17,3,69,1,1.0,0.047619047619047616
17,3,92,1,0.0,0.047619047619047616
17,3,96,1,1.0,0.047619047619047616
17,3,144,2,1.0,0.09523809523809523
17,4,36,1,1.0,0.125
17,4,62,1,1.0,0.125
17,4,63,1,1.0,0.125
17,4,92,2,0.5,0.25
17,4,101,3,0.3333333333333333,0.375
17,5,34,3,0.3333333333333333,0.07692307692307693
17,5,50,1,0.0,0.02564102564102564
17,5,62,2,0.0,0.05128205128205128
17,5,63,2,1.0,0.05128205128205128
17,5,64,1,0.0,0.02564102564102564
17,5,72,1,0.0,0.02564102564102564
17,5,92,9,0.7777777777777778,0.23076923076923078
17,5,98,1,0.0,0.02564102564102564
17,5,101,11,0.45454545454545453,0.28205128205128205
17,5,107,2,0.0,0.05128205128205128
17,5,121,1,1.0,0.02564102564102564
17,5,153,1,0.0,0.02564102564102564
17,5,157,4,1.0,0.10256410256410256
17,6,0,4,0.75,0.056338028169014086
17,6,8,1,1.0,0.014084507042253521
17,6,13,2,0.0,0.028169014084507043
17,6,15,2,0.5,0.028169014084507043
17,6,21,12,0.6666666666666666,0.16901408450704225
17,6,28,2,0.0,0.028169014084507043
17,6,31,1,0.0,0.014084507042253521
17,6,34,1,1.0,0.014084507042253521
17,6,35,1,0.0,0.014084507042253521
17,6,36,2,1.0,0.028169014084507043
17,6,48,2,1.0,0.028169014084507043
17,6,50,8,0.625,0.11267605633802817
17,6,63,1,0.0,0.014084507042253521
17,6,64,7,0.2857142857142857,0.09859154929577464
17,6,80,1,0.0,0.014084507042253521
17,6,84,1,1.0,0.014084507042253521
17,6,92,11,0.18181818181818182,0.15492957746478872
17,6,101,6,0.3333333333333333,0.08450704225352113
17,6,107,1,0.0,0.014084507042253521
17,6,118,1,1.0,0.014084507042253521
17,6,122,2,0.5,0.028169014084507043
17,6,136,1,1.0,0.014084507042253521
17,6,162,1,1.0,0.014084507042253521
17,7,62,1,1.0,0.125
17,7,92,3,0.6666666666666666,0.375
17,7,122,1,1.0,0.125
17,7,157,3,0.6666666666666666,0.375
17,8,50,1,0.0,0.25
17,8,63,2,1.0,0.5
17,8,92,1,0.0,0.25
17,9,5,2,0.0,1.0
17,10,13,2,0.5,0.02531645569620253
17,10,15,1,0.0,0.012658227848101266
17,10,28,2,0.0,0.02531645569620253
17,10,31,1,1.0,0.012658227848101266
17,10,32,8,0.375,0.10126582278481013
17,10,34,1,1.0,0.012658227848101266
17,10,36,1,0.0,0.012658227848101266
17,10,48,1,1.0,0.012658227848101266
17,10,50,1,0.0,0.012658227848101266
17,10,62,3,0.6666666666666666,0.0379746835443038
17,10,63,5,0.6,0.06329113924050633
17,10,64,17,0.4117647058823529,0.21518987341772153
17,10,72,2,0.0,0.02531645569620253
17,10,84,1,0.0,0.012658227848101266
17,10,92,7,0.5714285714285714,0.08860759493670886
17,10,98,2,0.5,0.02531645569620253
17,10,101,11,0.45454545454545453,0.13924050632911392
17,10,153,2,0.5,0.02531645569620253
17,10,156,2,0.5,0.02531645569620253
17,10,157,9,0.3333333333333333,0.11392405063291139
17,11,0,3,0.6666666666666666,0.09375
17,11,32,3,0.6666666666666666,0.09375
17,11,35,2,0.5,0.0625
17,11,48,4,0.25,0.125
17,11,62,1,0.0,0.03125
17,11,63,4,0.5,0.125
17,11,64,1,0.0,0.03125
17,11,92,1,1.0,0.03125
17,11,101,8,0.625,0.25
17,11,107,2,1.0,0.0625
17,11,118,1,0.0,0.03125
17,11,153,1,0.0,0.03125
17,11,157,1,1.0,0.03125
17,12,5,1,0.0,0.25
17,12,15,2,0.5,0.5
17,12,84,1,1.0,0.25
17,13,0,1,0.0,0.027777777777777776
17,13,5,1,1.0,0.027777777777777776
17,13,18,5,0.4,0.1388888888888889
17,13,21,1,0.0,0.027777777777777776
17,13,31,3,0.3333333333333333,0.08333333333333333
17,13,34,1,0.0,0.027777777777777776
17,13,36,1,1.0,0.027777777777777776
17,13,62,1,1.0,0.027777777777777776
17,13,63,1,1.0,0.027777777777777776
17,13,64,2,0.5,0.05555555555555555
17,13,72,1,0.0,0.027777777777777776
17,13,76,1,1.0,0.027777777777777776
17,13,84,2,1.0,0.05555555555555555
17,13,92,1,0.0,0.027777777777777776
17,13,101,7,0.2857142857142857,0.19444444444444445
17,13,122,1,0.0,0.027777777777777776
17,13,157,4,0.0,0.1111111111111111
17,13,162,2,0.5,0.05555555555555555
17,14,64,1,1.0,1.0
18,1,3,27,0.37037037037037035,0.38028169014084506
18,1,8,1,0.0,0.014084507042253521
18,1,11,1,1.0,0.014084507042253521
18,1,21,25,0.4,0.352112676056338
18,1,106,9,0.6666666666666666,0.1267605633802817
18,1,114,2,0.0,0.028169014084507043
18,1,142,2,0.5,0.028169014084507043
18,1,152,4,0.5,0.056338028169014086
18,2,3,1,1.0,0.06666666666666667
18,2,11,1,1.0,0.06666666666666667
18,2,100,1,0.0,0.06666666666666667
18,2,106,12,0.3333333333333333,0.8
18,3,21,2,0.5,0.125
18,3,53,6,0.3333333333333333,0.375
18,3,82,1,0.0,0.0625
18,3,105,3,0.6666666666666666,0.1875
18,3,114,2,0.5,0.125
18,3,120,1,1.0,0.0625
18,3,155,1,1.0,0.0625
18,5,3,3,0.6666666666666666,0.1875
18,5,21,1,0.0,0.0625
18,5,40,1,1.0,0.0625
18,5,53,2,1.0,0.125
18,5,106,9,0.5555555555555556,0.5625
18,6,3,1,0.0,0.022727272727272728
18,6,8,1,0.0,0.022727272727272728
18,6,21,10,0.3,0.22727272727272727
18,6,49,1,1.0,0.022727272727272728
18,6,53,10,0.3,0.22727272727272727
18,6,100,1,1.0,0.022727272727272728
18,6,105,1,1.0,0.022727272727272728
18,6,106,16,0.5625,0.36363636363636365
18,6,152,3,0.6666666666666666,0.06818181818181818
18,8,53,2,0.5,0.3333333333333333
18,8,152,4,0.25,0.6666666666666666
18,9,53,5,0.6,0.5555555555555556
18,9,152,4,0.75,0.4444444444444444
18,10,3,3,0.3333333333333333,0.05263157894736842
18,10,5,1,0.0,0.017543859649122806
18,10,21,5,0.4,0.08771929824561403
18,10,49,2,1.0,0.03508771929824561
18,10,53,3,1.0,0.05263157894736842
18,10,82,17,0.7647058823529411,0.2982456140350877
18,10,105,2,0.5,0.03508771929824561
18,10,106,10,0.5,0.17543859649122806
18,10,114,11,0.36363636363636365,0.19298245614035087
18,10,142,1,1.0,0.017543859649122806
18,10,152,2,1.0,0.03508771929824561
18,11,106,1,0.0,1.0
18,12,49,5,0.0,0.2777777777777778
18,12,82,8,0.625,0.4444444444444444
18,12,155,5,0.8,0.2777777777777778
18,13,3,2,0.5,0.11764705882352941
18,13,5,1,0.0,0.058823529411764705
18,13,8,1,1.0,0.058823529411764705
18,13,21,5,0.2,0.29411764705882354
18,13,40,2,0.0,0.11764705882352941
18,13,106,4,0.0,0.23529411764705882
18,13,130,1,0.0,0.058823529411764705
18,13,152,1,0.0,0.058823529411764705
